{
	"textures": {
		"all": "vadditions:block/transanium"
	},
	"elements": [
		{
			"name": "Cube",
			"from": [0, 0, 0],
			"to": [16, 16, 16],
			"faces": {
				"north": {"uv": [0, 0, 16, 16], "texture": "#all"},
				"east": {"uv": [0, 0, 16, 16], "texture": "#all"},
				"south": {"uv": [0, 0, 16, 16], "texture": "#all"},
				"west": {"uv": [0, 0, 16, 16], "texture": "#all"},
				"up": {"uv": [0, 0, 16, 16], "texture": "#all"},
				"down": {"uv": [0, 0, 16, 16], "texture": "#all"}
			}
		}
	],
	"display": {
		"thirdperson_lefthand": {
			"rotation": [0, 0, 0],
			"translation": [0, 0, 0],
			"scale": [0.5, 0.5, 0.5]
		},
		"thirdperson_righthand": {
			"rotation": [0, 0, 0],
			"translation": [0, 0, 0],
			"scale": [0.5, 0.5, 0.5]
		},
		"firstperson_lefthand": {
			"rotation": [0, 45, 0],
			"translation": [0, 0, 0],
			"scale": [0.5, 0.5, 0.5]
		},
		"firstperson_righthand": {
			"rotation": [0, 45, 0],
			"translation": [0, 0, 0],
			"scale": [0.5, 0.5, 0.5]
		},
		"gui": {
			"rotation": [30, 45, 0],
			"translation": [0, 0, 0],
			"scale": [0.65, 0.65, 0.65]
		},
		"ground": {
			"rotation": [0, 0, 0],
			"translation": [0, 5, 0],
			"scale": [0.25, 0.25, 0.25]
		},
		"head": {
			"translation": [0, -33, 0],
			"scale": [2.3, 2.3, 2.3]
		},
		"fixed": {
			"rotation": [0, 0, 0],
			"translation": [0, 0, 0]
		}
	}
}