{
  "parent": "minecraft:story/mine_diamond",
  "display": {
    "icon": {
      "item": "minecraft:diamond_pickaxe"
    },
    "title": {
      "translate": "advancements.vadditions.minecraft.getting_a_serious_upgrade.title"
    },
    "description": {
      "translate": "advancements.vadditions.minecraft.getting_a_serious_upgrade.description"
    },
    "frame": "task",
    "show_toast": true,
    "announce_to_chat": true,
    "hidden": false
  },
  "criteria": {
    "diamond_pickaxe": {
      "trigger": "minecraft:inventory_changed",
      "conditions": {
        "items": [
          {
            "item": "minecraft:diamond_pickaxe"
          }
        ]
      }
    }
  }
}