{
  "parent": "vadditions:basic",
  "display": {
    "icon": {
      "item": "minecraft:obsidian"
    },
    "title": {
      "translate": "advancements.vadditions.customcrafting.advanced.title"
    },
    "description": {
      "translate": "advancements.vadditions.customcrafting.advanced.description"
    },
    "frame": "challenge",
    "show_toast": true,
    "announce_to_chat": true,
    "hidden": false
  },
  "criteria": {
    "impossible": {
      "trigger": "minecraft:impossible"
    }
  }
}