{
  "parent": "vadditions:root",
  "display": {
    "icon": {
      "item": "minecraft:crafting_table"
    },
    "title": {
      "translate": "advancements.vadditions.customcrafting.root.title"
    },
    "description": {
      "translate": "advancements.vadditions.customcrafting.root.description"
    },
    "frame": "task",
    "show_toast": true,
    "announce_to_chat": true,
    "hidden": true
  },
  "criteria": {
    "impossible": {
      "trigger": "minecraft:impossible"
    }
  }
}