{
  "display": {
    "icon": {
      "item": "minecraft:oak_leaves"
    },
    "title": {
      "translate": "advancements.vadditions.root.title"
    },
    "description": {
      "translate": "advancements.vadditions.root.description"
    },
    "frame": "task",
    "show_toast": true,
    "announce_to_chat": false,
    "hidden": false,
    "background": "minecraft:textures/block/oak_log.png"
  },
  "criteria": {
    "impossible": {
      "trigger": "minecraft:impossible"
    }
  }
}