{
  "parent": "vadditions:root",
  "display": {
    "icon": {
      "item": "minecraft:iron_bars"
    },
    "title": {
      "translate": "advancements.vadditions.technical_chain.title"
    },
    "description": {
      "translate": "advancements.vadditions.technical_chain.description"
    },
    "frame": "task",
    "show_toast": false,
    "announce_to_chat": false,
    "hidden": "true"
  },
  "criteria": {
    "impossible": {
      "trigger": "minecraft:impossible"
    }
  }
}