{
    "parent": "item/handheld_rod",
    "textures": {
        "layer0": "item/carrot_on_a_stick"
    },
        "overrides": [
                { "predicate": {"damaged": 0, "damage": 0.00}, "model": "vadditions:item/blank/carrot_on_a_stick"},
                { "predicate": {"damaged": 0, "damage": 0.04}, "model": "vadditions:item/weapons/ihd"},
                { "predicate": {"damaged": 0, "damage": 0.08}, "model": "vadditions:item/weapons/cactuthorn"},
                { "predicate": {"damaged": 0, "damage": 0.12}, "model": "vadditions:item/weapons/stone_hellstone"},
                { "predicate": {"damaged": 0, "damage": 0.16}, "model": "vadditions:item/stones/mythical"},
                { "predicate": {"damaged": 0, "damage": 0.20}, "model": "vadditions:item/staffs/levitation"},
                { "predicate": {"damaged": 0, "damage": 0.24}, "model": "vadditions:item/staffs/unsightbereness"},
                { "predicate": {"damaged": 0, "damage": 0.28}, "model": "vadditions:item/blank/carrot_on_a_stick"},
                { "predicate": {"damaged": 0, "damage": 0.32}, "model": "vadditions:item/blank/carrot_on_a_stick"},
                { "predicate": {"damaged": 0, "damage": 0.36}, "model": "vadditions:item/blank/carrot_on_a_stick"},
                { "predicate": {"damaged": 0, "damage": 0.40}, "model": "vadditions:item/blank/carrot_on_a_stick"},
                { "predicate": {"damaged": 0, "damage": 0.44}, "model": "vadditions:item/blank/carrot_on_a_stick"},	
                { "predicate": {"damaged": 0, "damage": 0.48}, "model": "vadditions:item/blank/carrot_on_a_stick"},
                { "predicate": {"damaged": 0, "damage": 0.52}, "model": "vadditions:item/blank/carrot_on_a_stick"},
                { "predicate": {"damaged": 0, "damage": 0.56}, "model": "vadditions:item/blank/carrot_on_a_stick"},
                { "predicate": {"damaged": 0, "damage": 0.60}, "model": "vadditions:item/blank/carrot_on_a_stick"},
                { "predicate": {"damaged": 0, "damage": 0.64}, "model": "vadditions:item/blank/carrot_on_a_stick"},
                { "predicate": {"damaged": 0, "damage": 0.68}, "model": "vadditions:item/blank/carrot_on_a_stick"},
                { "predicate": {"damaged": 0, "damage": 0.72}, "model": "vadditions:item/blank/carrot_on_a_stick"},
                { "predicate": {"damaged": 0, "damage": 0.96}, "model": "vadditions:item/blank/carrot_on_a_stick"},	
                { "predicate": {"damaged": 0, "damage": 1.00}, "model": "vadditions:item/blank/carrot_on_a_stick"},				
                { "predicate": {"damaged": 1, "damage": 0}, "model": "vadditions:item/blank/carrot_on_a_stick"}				
        ]
}