{
    "parent": "item/handheld",
    "textures": {
        "layer0": "item/diamond_hoe"
    },
        "overrides": [
                { "predicate": {"damaged": 0, "damage": 0.00000}, "model": "vadditions:item/blank/diamond_hoe"},
                { "predicate": {"damaged": 0, "damage": 0.00064}, "model": "vadditions:block/ores/transanium"},
                { "predicate": {"damaged": 0, "damage": 0.00128}, "model": "vadditions:block/ores/transanium_item"},
                { "predicate": {"damaged": 0, "damage": 0.00192}, "model": "vadditions:block/lazers/core"},
                { "predicate": {"damaged": 0, "damage": 0.00256}, "model": "vadditions:block/lazers/transanium"},
                { "predicate": {"damaged": 0, "damage": 0.00320}, "model": "vadditions:block/explosives/tnt/sticky"},
                { "predicate": {"damaged": 0, "damage": 0.00384}, "model": "vadditions:block/customcrafters/basic"},
                { "predicate": {"damaged": 0, "damage": 0.00448}, "model": "vadditions:block/customcrafters/advanced"},
                { "predicate": {"damaged": 0, "damage": 0.00512}, "model": "vadditions:block/customcrafters/machine"},
                { "predicate": {"damaged": 0, "damage": 0.00576}, "model": "vadditions:block/customcrafters/uncrafter"},
                { "predicate": {"damaged": 0, "damage": 0.00640}, "model": "vadditions:block/customcrafters/smeltry"},
                { "predicate": {"damaged": 0, "damage": 0.00704}, "model": "vadditions:block/customcrafters/compressor"},
                { "predicate": {"damaged": 0, "damage": 0.00768}, "model": "vadditions:item/blank/diamond_hoe"},
                { "predicate": {"damaged": 0, "damage": 0.00832}, "model": "vadditions:item/blank/diamond_hoe"},
                { "predicate": {"damaged": 0, "damage": 0.00896}, "model": "vadditions:item/blank/diamond_hoe"},
                { "predicate": {"damaged": 0, "damage": 0.00960}, "model": "vadditions:item/blank/diamond_hoe"},
                { "predicate": {"damaged": 0, "damage": 0.01024}, "model": "vadditions:item/blank/diamond_hoe"},
                { "predicate": {"damaged": 0, "damage": 0.01089}, "model": "vadditions:item/blank/diamond_hoe"},
                { "predicate": {"damaged": 0, "damage": 0.01153}, "model": "vadditions:item/blank/diamond_hoe"},
                { "predicate": {"damaged": 0, "damage": 0.01217}, "model": "vadditions:item/blank/diamond_hoe"},
                { "predicate": {"damaged": 0, "damage": 0.01281}, "model": "vadditions:item/blank/diamond_hoe"},
                { "predicate": {"damaged": 0, "damage": 0.01345}, "model": "vadditions:item/blank/diamond_hoe"},
                { "predicate": {"damaged": 0, "damage": 0.01409}, "model": "vadditions:item/blank/diamond_hoe"},
                { "predicate": {"damaged": 0, "damage": 0.01473}, "model": "vadditions:item/blank/diamond_hoe"},
                { "predicate": {"damaged": 0, "damage": 0.01537}, "model": "vadditions:item/blank/diamond_hoe"},
                { "predicate": {"damaged": 0, "damage": 0.01601}, "model": "vadditions:item/blank/diamond_hoe"},
                { "predicate": {"damaged": 0, "damage": 0.01665}, "model": "vadditions:item/blank/diamond_hoe"},
				{ "predicate": {"damaged": 0, "damage": 0.01729}, "model": "vadditions:item/blank/diamond_hoe"},
				{ "predicate": {"damaged": 0, "damage": 0.01793}, "model": "vadditions:item/blank/diamond_hoe"},
				{ "predicate": {"damaged": 0, "damage": 0.01857}, "model": "vadditions:item/blank/diamond_hoe"},
				{ "predicate": {"damaged": 0, "damage": 0.01921}, "model": "vadditions:item/blank/diamond_hoe"},
				{ "predicate": {"damaged": 0, "damage": 0.01985}, "model": "vadditions:item/blank/diamond_hoe"},
				{ "predicate": {"damaged": 0, "damage": 0.02049}, "model": "vadditions:item/blank/diamond_hoe"},
				{ "predicate": {"damaged": 0, "damage": 0.02113}, "model": "vadditions:item/blank/diamond_hoe"},
				{ "predicate": {"damaged": 0, "damage": 0.02177}, "model": "vadditions:item/blank/diamond_hoe"},
				{ "predicate": {"damaged": 0, "damage": 0.02241}, "model": "vadditions:item/blank/diamond_hoe"},
				{ "predicate": {"damaged": 0, "damage": 0.02305}, "model": "vadditions:item/blank/diamond_hoe"},
                { "predicate": {"damaged": 0, "damage": 0.06406}, "model": "vadditions:item/blank/diamond_hoe"},
                { "predicate": {"damaged": 0, "damage": 0.99649}, "model": "vadditions:item/blank/diamond_hoe"},
                { "predicate": {"damaged": 0, "damage": 0.99712}, "model": "vadditions:item/blank/diamond_hoe"},
                { "predicate": {"damaged": 0, "damage": 0.99776}, "model": "vadditions:item/blank/diamond_hoe"},
                { "predicate": {"damaged": 0, "damage": 0.99840}, "model": "vadditions:item/blank/diamond_hoe"},
                { "predicate": {"damaged": 0, "damage": 0.99904}, "model": "vadditions:item/blank/diamond_hoe"},
                { "predicate": {"damaged": 1, "damage": 0}, "model": "vadditions:item/blank/diamond_hoe"}
        ]
}