{
    "parent": "item/handheld",
    "textures": {
        "layer0": "item/iron_hoe"
    },
        "overrides": [
                { "predicate": {"damaged": 0, "damage": 0}, "model": "vadditions:item/blank/iron_hoe"},
                { "predicate": {"damaged": 0, "damage": 0.004}, "model": "vadditions:item/stones/mythical"},
                { "predicate": {"damaged": 0, "damage": 0.008}, "model": "vadditions:item/tools/natura"},
                { "predicate": {"damaged": 0, "damage": 0.012}, "model": "vadditions:item/glass_shards/normal"},
                { "predicate": {"damaged": 0, "damage": 0.016}, "model": "vadditions:item/glass_shards/orange"},
                { "predicate": {"damaged": 0, "damage": 0.020}, "model": "vadditions:item/glass_shards/magenta"},
                { "predicate": {"damaged": 0, "damage": 0.024}, "model": "vadditions:item/glass_shards/light_blue"},
                { "predicate": {"damaged": 0, "damage": 0.028}, "model": "vadditions:item/glass_shards/yellow"},
                { "predicate": {"damaged": 0, "damage": 0.032}, "model": "vadditions:item/glass_shards/lime"},
                { "predicate": {"damaged": 0, "damage": 0.036}, "model": "vadditions:item/glass_shards/pink"},
                { "predicate": {"damaged": 0, "damage": 0.040}, "model": "vadditions:item/glass_shards/gray"},
                { "predicate": {"damaged": 0, "damage": 0.044}, "model": "vadditions:item/glass_shards/light_gray"},
                { "predicate": {"damaged": 0, "damage": 0.048}, "model": "vadditions:item/glass_shards/cyan"},
                { "predicate": {"damaged": 0, "damage": 0.052}, "model": "vadditions:item/glass_shards/purple"},
                { "predicate": {"damaged": 0, "damage": 0.056}, "model": "vadditions:item/glass_shards/blue"},
                { "predicate": {"damaged": 0, "damage": 0.060}, "model": "vadditions:item/glass_shards/brown"},
                { "predicate": {"damaged": 0, "damage": 0.064}, "model": "vadditions:item/glass_shards/green"},
                { "predicate": {"damaged": 0, "damage": 0.068}, "model": "vadditions:item/glass_shards/red"},
                { "predicate": {"damaged": 0, "damage": 0.072}, "model": "vadditions:item/glass_shards/black"},
                { "predicate": {"damaged": 0, "damage": 0.076}, "model": "vadditions:item/glass_shards/white"},
                { "predicate": {"damaged": 0, "damage": 0.080}, "model": "vadditions:mob/white_castle_master/still"},
                { "predicate": {"damaged": 0, "damage": 0.084}, "model": "vadditions:mob/white_castle_master/moving"},
                { "predicate": {"damaged": 0, "damage": 0.088}, "model": "vadditions:item/staffs/stand"},
                { "predicate": {"damaged": 0, "damage": 0.092}, "model": "vadditions:mob/plurker"},
                { "predicate": {"damaged": 0, "damage": 0.096}, "model": "vadditions:item/blank/iron_hoe"},
                { "predicate": {"damaged": 0, "damage": 0.100}, "model": "vadditions:item/blank/iron_hoe"},
                { "predicate": {"damaged": 0, "damage": 0.104}, "model": "vadditions:item/blank/iron_hoe"},
                { "predicate": {"damaged": 0, "damage": 0.108}, "model": "vadditions:item/blank/iron_hoe"},
                { "predicate": {"damaged": 0, "damage": 0.112}, "model": "vadditions:item/blank/iron_hoe"},
                { "predicate": {"damaged": 0, "damage": 0.116}, "model": "vadditions:item/blank/iron_hoe"},
                { "predicate": {"damaged": 0, "damage": 0.120}, "model": "vadditions:item/blank/iron_hoe"},
                { "predicate": {"damaged": 0, "damage": 0.124}, "model": "vadditions:item/blank/iron_hoe"},
                { "predicate": {"damaged": 0, "damage": 0.128}, "model": "vadditions:item/blank/iron_hoe"},
                { "predicate": {"damaged": 0, "damage": 0.132}, "model": "vadditions:item/blank/iron_hoe"},
                { "predicate": {"damaged": 0, "damage": 0.136}, "model": "vadditions:item/blank/iron_hoe"},
                { "predicate": {"damaged": 0, "damage": 0.140}, "model": "vadditions:item/blank/iron_hoe"},
                { "predicate": {"damaged": 0, "damage": 0.144}, "model": "vadditions:item/blank/iron_hoe"},
                { "predicate": {"damaged": 0, "damage": 0.148}, "model": "vadditions:item/blank/iron_hoe"},
                { "predicate": {"damaged": 0, "damage": 0.152}, "model": "vadditions:item/blank/iron_hoe"},
                { "predicate": {"damaged": 0, "damage": 0.156}, "model": "vadditions:item/blank/iron_hoe"},
                { "predicate": {"damaged": 0, "damage": 0.160}, "model": "vadditions:item/blank/iron_hoe"},
                { "predicate": {"damaged": 0, "damage": 0.164}, "model": "vadditions:item/blank/iron_hoe"},
                { "predicate": {"damaged": 0, "damage": 0.168}, "model": "vadditions:item/blank/iron_hoe"},
                { "predicate": {"damaged": 0, "damage": 1}, "model": "vadditions:item/blank/iron_hoe"},				
                { "predicate": {"damaged": 1, "damage": 0}, "model": "vadditions:item/blank/iron_hoe"}
        ]
}