{
	"credit": "Made with Blockbench",
	"textures": {
		"netherrack": "block/netherrack"
	},
	"elements": [
		{
			"from": [6, 7, 6],
			"to": [10, 20, 10],
			"faces": {
				"north": {"uv": [0, 0, 4, 13], "texture": "#netherrack"},
				"east": {"uv": [0, 0, 4, 13], "texture": "#netherrack"},
				"south": {"uv": [0, 0, 4, 13], "texture": "#netherrack"},
				"west": {"uv": [0, 0, 4, 13], "texture": "#netherrack"},
				"up": {"uv": [0, 0, 4, 4], "texture": "#netherrack"},
				"down": {"uv": [0, 0, 4, 4], "texture": "#netherrack"}
			}
		},
		{
			"from": [5, 6, 5],
			"to": [11, 7, 11],
			"faces": {
				"north": {"uv": [0, 0, 6, 1], "texture": "#netherrack"},
				"east": {"uv": [0, 0, 6, 1], "texture": "#netherrack"},
				"south": {"uv": [0, 0, 6, 1], "texture": "#netherrack"},
				"west": {"uv": [0, 0, 6, 1], "texture": "#netherrack"},
				"up": {"uv": [0, 0, 6, 6], "texture": "#netherrack"},
				"down": {"uv": [0, 0, 6, 6], "texture": "#netherrack"}
			}
		},
		{
			"from": [4, 5, 4],
			"to": [12, 6, 12],
			"faces": {
				"north": {"uv": [0, 0, 8, 1], "texture": "#netherrack"},
				"east": {"uv": [0, 0, 8, 1], "texture": "#netherrack"},
				"south": {"uv": [0, 0, 8, 1], "texture": "#netherrack"},
				"west": {"uv": [0, 0, 8, 1], "texture": "#netherrack"},
				"up": {"uv": [0, 0, 8, 8], "texture": "#netherrack"},
				"down": {"uv": [0, 0, 8, 8], "texture": "#netherrack"}
			}
		},
		{
			"from": [7, 20, 7],
			"to": [9, 21, 9],
			"faces": {
				"north": {"uv": [0, 0, 2, 1], "texture": "#netherrack"},
				"east": {"uv": [0, 0, 2, 1], "texture": "#netherrack"},
				"south": {"uv": [0, 0, 2, 1], "texture": "#netherrack"},
				"west": {"uv": [0, 0, 2, 1], "texture": "#netherrack"},
				"up": {"uv": [0, 0, 2, 2], "texture": "#netherrack"},
				"down": {"uv": [0, 0, 2, 2], "texture": "#netherrack"}
			}
		}
	],
	"display": {
		"thirdperson_righthand": {
			"rotation": [0, 90, 0],
			"translation": [0, 5, 0],
			"scale": [1.0, 1.0, 1.0]
		},
		"firstperson_righthand": {
			"rotation": [-30, 90, 0],
			"translation": [0, 5, 0],
			"scale": [1.0, 1.0, 1.0]
		},
		"gui": {
			"rotation": [0, 0, 0],
			"translation": [0, -8, 0]
		},
		"ground": {
			"translation": [0, 0, 0]
		}
	}
}