{
  "type": "crafting_shapeless",
  "group": "ice",
  "ingredients": [
    {
      "item": "minecraft:blue_ice"
    },
    {
      "item": "minecraft:blue_ice"
    },
    {
      "item": "minecraft:blue_ice"
    },
    {
      "item": "minecraft:blue_ice"
    },
    {
      "item": "minecraft:blue_ice"
    },
    {
      "item": "minecraft:blue_ice"
    },
    {
      "item": "minecraft:blue_ice"
    },
    {
      "item": "minecraft:blue_ice"
    },
    {
      "item": "minecraft:blue_ice"
    }
  ],
  "result": {
    "item": "minecraft:smooth_sandstone"
  }
}