{ "source": "[120, -38, 99, 98, 18, -56, -51, -52, 75, 77, 46, 74, 76, 43, 81, 53, 118, 76, -52, 44, -78, 103, -112, 70, 22, 1, -45, -103, 121, -23, -15, 37, -119, 73, 57, -87, -10, 12, 12, 13, 44, -1, 65, -32, -9, -1, -1, -33, 63, -1, -1, -3, -4, -13, -15, -49, -17, 31, -65, 127, -4, -1, -11, -5, -57, -10, 127, -22, 31, -15, 127, -112, -1, -15, 31, 7, -88, -1, -9, -1, -65, -4, 15, -5, 63, 104, -62, -1, -112, 57, 64, 51, -2, -95, -55, 66, 32, 84, 29, -118, -20, 63, -88, 60, 18, -8, -28, -1, 31, 47, 32, 36, 79, 8, 80, -37, -4, 122, 48, -124, -80, 112, -22, -1, 87, 15, 15, 3, 20, -7, 127, -96, -16, -88, -1, 103, 15, -106, -77, -1, 7, 85, -119, 26, 54, -56, 16, 40, -126, 17, -66, -124, -30, -25, 58, 24, -66, 7, -79, 64, 122, 65, -15, 11, 0, 102, 122, -11, 45]",
"textures": {
"particle": "block/crafting_table_front",
"33005334": "block/crafting_table_top",
"1649920": "block/crafting_table_side",
"25961650": "block/oak_planks",
"29791113": "block/crafting_table_front"},
"elements": [
{ "from": [4,16,0], "to": [12,16,1], "faces": { "up":  { "uv": [4,0,12,1], "texture": "#33005334", "cullface": "up" } } },
{ "from": [3,16,1], "to": [13,16,2], "faces": { "up":  { "uv": [3,1,13,2], "texture": "#33005334", "cullface": "up" } } },
{ "from": [2,16,2], "to": [14,16,3], "faces": { "up":  { "uv": [2,2,14,3], "texture": "#33005334", "cullface": "up" } } },
{ "from": [1,16,3], "to": [15,16,4], "faces": { "up":  { "uv": [1,3,15,4], "texture": "#33005334", "cullface": "up" } } },
{ "from": [0,16,4], "to": [4,16,6], "faces": { "up":  { "uv": [0,4,4,6], "texture": "#33005334", "cullface": "up" } } },
{ "from": [6,16,4], "to": [7,16,6], "faces": { "up":  { "uv": [6,4,7,6], "texture": "#33005334", "cullface": "up" } } },
{ "from": [9,16,4], "to": [10,16,6], "faces": { "up":  { "uv": [9,4,10,6], "texture": "#33005334", "cullface": "up" } } },
{ "from": [12,16,4], "to": [16,16,6], "faces": { "up":  { "uv": [12,4,16,6], "texture": "#33005334", "cullface": "up" } } },
{ "from": [4,16,15], "to": [12,16,16], "faces": { "up":  { "uv": [4,15,12,16], "texture": "#33005334", "cullface": "up" } } },
{ "from": [3,16,14], "to": [13,16,15], "faces": { "up":  { "uv": [3,14,13,15], "texture": "#33005334", "cullface": "up" } } },
{ "from": [2,16,13], "to": [14,16,14], "faces": { "up":  { "uv": [2,13,14,14], "texture": "#33005334", "cullface": "up" } } },
{ "from": [1,16,12], "to": [15,16,13], "faces": { "up":  { "uv": [1,12,15,13], "texture": "#33005334", "cullface": "up" } } },
{ "from": [0,16,6], "to": [16,16,7], "faces": { "up":  { "uv": [0,6,16,7], "texture": "#33005334", "cullface": "up" } } },
{ "from": [0,16,7], "to": [4,16,9], "faces": { "up":  { "uv": [0,7,4,9], "texture": "#33005334", "cullface": "up" } } },
{ "from": [6,16,7], "to": [7,16,9], "faces": { "up":  { "uv": [6,7,7,9], "texture": "#33005334", "cullface": "up" } } },
{ "from": [9,16,7], "to": [10,16,9], "faces": { "up":  { "uv": [9,7,10,9], "texture": "#33005334", "cullface": "up" } } },
{ "from": [12,16,7], "to": [16,16,9], "faces": { "up":  { "uv": [12,7,16,9], "texture": "#33005334", "cullface": "up" } } },
{ "from": [12,16,10], "to": [16,16,12], "faces": { "up":  { "uv": [12,10,16,12], "texture": "#33005334", "cullface": "up" } } },
{ "from": [9,16,10], "to": [10,16,12], "faces": { "up":  { "uv": [9,10,10,12], "texture": "#33005334", "cullface": "up" } } },
{ "from": [6,16,10], "to": [7,16,12], "faces": { "up":  { "uv": [6,10,7,12], "texture": "#33005334", "cullface": "up" } } },
{ "from": [0,16,10], "to": [4,16,12], "faces": { "up":  { "uv": [0,10,4,12], "texture": "#33005334", "cullface": "up" } } },
{ "from": [0,16,9], "to": [16,16,10], "faces": { "up":  { "uv": [0,9,16,10], "texture": "#33005334", "cullface": "up" } } },
{ "from": [2,3,0], "to": [3,3,1], "faces": { "up":  { "uv": [2,0,3,1], "texture": "#33005334" } } },
{ "from": [0,3,13], "to": [1,3,14], "faces": { "up":  { "uv": [0,13,1,14], "texture": "#33005334" } } },
{ "from": [3,5,0], "to": [4,5,1], "faces": { "up":  { "uv": [3,0,4,1], "texture": "#33005334" } } },
{ "from": [11,5,0], "to": [12,5,1], "faces": { "up":  { "uv": [11,0,12,1], "texture": "#33005334" } } },
{ "from": [0,5,4], "to": [1,5,5], "faces": { "up":  { "uv": [0,4,1,5], "texture": "#33005334" } } },
{ "from": [0,5,12], "to": [1,5,13], "faces": { "up":  { "uv": [0,12,1,13], "texture": "#33005334" } } },
{ "from": [12,6,0], "to": [14,6,1], "faces": { "up":  { "uv": [12,0,14,1], "texture": "#33005334" } } },
{ "from": [0,6,2], "to": [1,6,4], "faces": { "up":  { "uv": [0,2,1,4], "texture": "#33005334" } } },
{ "from": [5,6,15], "to": [6,6,16], "faces": { "up":  { "uv": [5,15,6,16], "texture": "#33005334" } } },
{ "from": [15,6,10], "to": [16,6,11], "faces": { "up":  { "uv": [15,10,16,11], "texture": "#33005334" } } },
{ "from": [15,6,12], "to": [16,6,13], "faces": { "up":  { "uv": [15,12,16,13], "texture": "#33005334" } } },
{ "from": [3,6,15], "to": [4,6,16], "faces": { "up":  { "uv": [3,15,4,16], "texture": "#33005334" } } },
{ "from": [4,8,0], "to": [5,8,1], "faces": { "up":  { "uv": [4,0,5,1], "texture": "#33005334" } } },
{ "from": [0,8,11], "to": [1,8,12], "faces": { "up":  { "uv": [0,11,1,12], "texture": "#33005334" } } },
{ "from": [15,8,11], "to": [16,8,12], "faces": { "up":  { "uv": [15,11,16,12], "texture": "#33005334" } } },
{ "from": [4,8,15], "to": [5,8,16], "faces": { "up":  { "uv": [4,15,5,16], "texture": "#33005334" } } },
{ "from": [15,9,10], "to": [16,9,11], "faces": { "up":  { "uv": [15,10,16,11], "texture": "#33005334" } } },
{ "from": [14,9,12], "to": [16,9,13], "faces": { "up":  { "uv": [14,12,16,13], "texture": "#33005334" } } },
{ "from": [3,9,15], "to": [4,9,16], "faces": { "up":  { "uv": [3,15,4,16], "texture": "#33005334" } } },
{ "from": [5,9,15], "to": [6,9,16], "faces": { "up":  { "uv": [5,15,6,16], "texture": "#33005334" } } },
{ "from": [0,12,0], "to": [1,12,1], "faces": { "up":  { "uv": [0,0,1,1], "texture": "#33005334" } } },
{ "from": [3,12,0], "to": [4,12,1], "faces": { "up":  { "uv": [3,0,4,1], "texture": "#33005334" } } },
{ "from": [15,12,0], "to": [16,12,1], "faces": { "up":  { "uv": [15,0,16,1], "texture": "#33005334" } } },
{ "from": [0,12,12], "to": [1,12,13], "faces": { "up":  { "uv": [0,12,1,13], "texture": "#33005334" } } },
{ "from": [0,12,15], "to": [1,12,16], "faces": { "up":  { "uv": [0,15,1,16], "texture": "#33005334" } } },
{ "from": [15,12,15], "to": [16,12,16], "faces": { "up":  { "uv": [15,15,16,16], "texture": "#33005334" } } },
{ "from": [1,13,0], "to": [2,13,1], "faces": { "up":  { "uv": [1,0,2,1], "texture": "#33005334" } } },
{ "from": [14,13,0], "to": [15,13,1], "faces": { "up":  { "uv": [14,0,15,1], "texture": "#33005334" } } },
{ "from": [0,13,1], "to": [1,13,2], "faces": { "up":  { "uv": [0,1,1,2], "texture": "#33005334" } } },
{ "from": [15,13,1], "to": [16,13,2], "faces": { "up":  { "uv": [15,1,16,2], "texture": "#33005334" } } },
{ "from": [0,13,14], "to": [1,13,15], "faces": { "up":  { "uv": [0,14,1,15], "texture": "#33005334" } } },
{ "from": [15,13,14], "to": [16,13,15], "faces": { "up":  { "uv": [15,14,16,15], "texture": "#33005334" } } },
{ "from": [1,13,15], "to": [2,13,16], "faces": { "up":  { "uv": [1,15,2,16], "texture": "#33005334" } } },
{ "from": [14,13,15], "to": [15,13,16], "faces": { "up":  { "uv": [14,15,15,16], "texture": "#33005334" } } },
{ "from": [2,14,0], "to": [3,14,1], "faces": { "up":  { "uv": [2,0,3,1], "texture": "#33005334" } } },
{ "from": [13,14,0], "to": [14,14,1], "faces": { "up":  { "uv": [13,0,14,1], "texture": "#33005334" } } },
{ "from": [1,14,1], "to": [2,14,2], "faces": { "up":  { "uv": [1,1,2,2], "texture": "#33005334" } } },
{ "from": [14,14,1], "to": [15,14,2], "faces": { "up":  { "uv": [14,1,15,2], "texture": "#33005334" } } },
{ "from": [0,14,2], "to": [1,14,3], "faces": { "up":  { "uv": [0,2,1,3], "texture": "#33005334" } } },
{ "from": [15,14,2], "to": [16,14,3], "faces": { "up":  { "uv": [15,2,16,3], "texture": "#33005334" } } },
{ "from": [0,14,13], "to": [1,14,14], "faces": { "up":  { "uv": [0,13,1,14], "texture": "#33005334" } } },
{ "from": [15,14,13], "to": [16,14,14], "faces": { "up":  { "uv": [15,13,16,14], "texture": "#33005334" } } },
{ "from": [1,14,14], "to": [2,14,15], "faces": { "up":  { "uv": [1,14,2,15], "texture": "#33005334" } } },
{ "from": [14,14,14], "to": [15,14,15], "faces": { "up":  { "uv": [14,14,15,15], "texture": "#33005334" } } },
{ "from": [2,14,15], "to": [3,14,16], "faces": { "up":  { "uv": [2,15,3,16], "texture": "#33005334" } } },
{ "from": [13,14,15], "to": [14,14,16], "faces": { "up":  { "uv": [13,15,14,16], "texture": "#33005334" } } },
{ "from": [3,15,0], "to": [4,15,1], "faces": { "up":  { "uv": [3,0,4,1], "texture": "#33005334" } } },
{ "from": [12,15,0], "to": [13,15,1], "faces": { "up":  { "uv": [12,0,13,1], "texture": "#33005334" } } },
{ "from": [2,15,1], "to": [3,15,2], "faces": { "up":  { "uv": [2,1,3,2], "texture": "#33005334" } } },
{ "from": [13,15,1], "to": [14,15,2], "faces": { "up":  { "uv": [13,1,14,2], "texture": "#33005334" } } },
{ "from": [1,15,2], "to": [2,15,3], "faces": { "up":  { "uv": [1,2,2,3], "texture": "#33005334" } } },
{ "from": [14,15,2], "to": [15,15,3], "faces": { "up":  { "uv": [14,2,15,3], "texture": "#33005334" } } },
{ "from": [0,15,3], "to": [1,15,4], "faces": { "up":  { "uv": [0,3,1,4], "texture": "#33005334" } } },
{ "from": [15,15,3], "to": [16,15,4], "faces": { "up":  { "uv": [15,3,16,4], "texture": "#33005334" } } },
{ "from": [4,15,4], "to": [6,15,6], "faces": { "up":  { "uv": [4,4,6,6], "texture": "#33005334" } } },
{ "from": [7,15,4], "to": [9,15,6], "faces": { "up":  { "uv": [7,4,9,6], "texture": "#33005334" } } },
{ "from": [10,15,4], "to": [12,15,6], "faces": { "up":  { "uv": [10,4,12,6], "texture": "#33005334" } } },
{ "from": [12,15,15], "to": [13,15,16], "faces": { "up":  { "uv": [12,15,13,16], "texture": "#33005334" } } },
{ "from": [3,15,15], "to": [4,15,16], "faces": { "up":  { "uv": [3,15,4,16], "texture": "#33005334" } } },
{ "from": [13,15,14], "to": [14,15,15], "faces": { "up":  { "uv": [13,14,14,15], "texture": "#33005334" } } },
{ "from": [4,15,7], "to": [6,15,9], "faces": { "up":  { "uv": [4,7,6,9], "texture": "#33005334" } } },
{ "from": [7,15,7], "to": [9,15,9], "faces": { "up":  { "uv": [7,7,9,9], "texture": "#33005334" } } },
{ "from": [10,15,7], "to": [12,15,9], "faces": { "up":  { "uv": [10,7,12,9], "texture": "#33005334" } } },
{ "from": [2,15,14], "to": [3,15,15], "faces": { "up":  { "uv": [2,14,3,15], "texture": "#33005334" } } },
{ "from": [14,15,13], "to": [15,15,14], "faces": { "up":  { "uv": [14,13,15,14], "texture": "#33005334" } } },
{ "from": [1,15,13], "to": [2,15,14], "faces": { "up":  { "uv": [1,13,2,14], "texture": "#33005334" } } },
{ "from": [4,15,10], "to": [6,15,12], "faces": { "up":  { "uv": [4,10,6,12], "texture": "#33005334" } } },
{ "from": [7,15,10], "to": [9,15,12], "faces": { "up":  { "uv": [7,10,9,12], "texture": "#33005334" } } },
{ "from": [10,15,10], "to": [12,15,12], "faces": { "up":  { "uv": [10,10,12,12], "texture": "#33005334" } } },
{ "from": [15,15,12], "to": [16,15,13], "faces": { "up":  { "uv": [15,12,16,13], "texture": "#33005334" } } },
{ "from": [0,15,12], "to": [1,15,13], "faces": { "up":  { "uv": [0,12,1,13], "texture": "#33005334" } } },
{ "from": [0,0,16], "to": [16,6,16], "faces": { "south":  { "uv": [0,10,16,16], "texture": "#1649920", "cullface": "south" } } },
{ "from": [4,15,16], "to": [12,16,16], "faces": { "south":  { "uv": [4,0,12,1], "texture": "#1649920", "cullface": "south" } } },
{ "from": [3,14,16], "to": [13,15,16], "faces": { "south":  { "uv": [3,1,13,2], "texture": "#1649920", "cullface": "south" } } },
{ "from": [2,13,16], "to": [14,14,16], "faces": { "south":  { "uv": [2,2,14,3], "texture": "#1649920", "cullface": "south" } } },
{ "from": [1,12,16], "to": [15,13,16], "faces": { "south":  { "uv": [1,3,15,4], "texture": "#1649920", "cullface": "south" } } },
{ "from": [0,11,16], "to": [16,12,16], "faces": { "south":  { "uv": [0,4,16,5], "texture": "#1649920", "cullface": "south" } } },
{ "from": [0,6,16], "to": [3,8,16], "faces": { "south":  { "uv": [0,8,3,10], "texture": "#1649920", "cullface": "south" } } },
{ "from": [4,6,16], "to": [5,8,16], "faces": { "south":  { "uv": [4,8,5,10], "texture": "#1649920", "cullface": "south" } } },
{ "from": [6,6,16], "to": [16,8,16], "faces": { "south":  { "uv": [6,8,16,10], "texture": "#1649920", "cullface": "south" } } },
{ "from": [6,9,16], "to": [16,11,16], "faces": { "south":  { "uv": [6,5,16,7], "texture": "#1649920", "cullface": "south" } } },
{ "from": [4,9,16], "to": [5,11,16], "faces": { "south":  { "uv": [4,5,5,7], "texture": "#1649920", "cullface": "south" } } },
{ "from": [0,9,16], "to": [3,11,16], "faces": { "south":  { "uv": [0,5,3,7], "texture": "#1649920", "cullface": "south" } } },
{ "from": [0,8,16], "to": [4,9,16], "faces": { "south":  { "uv": [0,7,4,8], "texture": "#1649920", "cullface": "south" } } },
{ "from": [5,8,16], "to": [16,9,16], "faces": { "south":  { "uv": [5,7,16,8], "texture": "#1649920", "cullface": "south" } } },
{ "from": [16,0,0], "to": [16,12,1], "faces": { "east":  { "uv": [15,4,16,16], "texture": "#1649920", "cullface": "east" } } },
{ "from": [16,0,1], "to": [16,13,2], "faces": { "east":  { "uv": [14,3,15,16], "texture": "#1649920", "cullface": "east" } } },
{ "from": [16,0,2], "to": [16,14,3], "faces": { "east":  { "uv": [13,2,14,16], "texture": "#1649920", "cullface": "east" } } },
{ "from": [16,0,3], "to": [16,15,4], "faces": { "east":  { "uv": [12,1,13,16], "texture": "#1649920", "cullface": "east" } } },
{ "from": [16,0,4], "to": [16,16,10], "faces": { "east":  { "uv": [6,0,12,16], "texture": "#1649920", "cullface": "east" } } },
{ "from": [16,0,15], "to": [16,12,16], "faces": { "east":  { "uv": [0,4,1,16], "texture": "#1649920", "cullface": "east" } } },
{ "from": [16,0,14], "to": [16,13,15], "faces": { "east":  { "uv": [1,3,2,16], "texture": "#1649920", "cullface": "east" } } },
{ "from": [16,0,13], "to": [16,14,14], "faces": { "east":  { "uv": [2,2,3,16], "texture": "#1649920", "cullface": "east" } } },
{ "from": [16,11,12], "to": [16,15,13], "faces": { "east":  { "uv": [3,1,4,5], "texture": "#1649920", "cullface": "east" } } },
{ "from": [16,8,12], "to": [16,9,13], "faces": { "east":  { "uv": [3,7,4,8], "texture": "#1649920", "cullface": "east" } } },
{ "from": [16,0,10], "to": [16,6,11], "faces": { "east":  { "uv": [5,10,6,16], "texture": "#1649920", "cullface": "east" } } },
{ "from": [16,8,10], "to": [16,9,11], "faces": { "east":  { "uv": [5,7,6,8], "texture": "#1649920", "cullface": "east" } } },
{ "from": [16,11,10], "to": [16,16,11], "faces": { "east":  { "uv": [5,0,6,5], "texture": "#1649920", "cullface": "east" } } },
{ "from": [16,0,11], "to": [16,8,12], "faces": { "east":  { "uv": [4,8,5,16], "texture": "#1649920", "cullface": "east" } } },
{ "from": [16,9,11], "to": [16,16,12], "faces": { "east":  { "uv": [4,0,5,7], "texture": "#1649920", "cullface": "east" } } },
{ "from": [16,0,12], "to": [16,6,13], "faces": { "east":  { "uv": [3,10,4,16], "texture": "#1649920", "cullface": "east" } } },
{ "from": [2,3,0], "to": [2,13,1], "faces": { "east":  { "uv": [15,3,16,13], "texture": "#1649920" } } },
{ "from": [3,6,15], "to": [3,8,16], "faces": { "east":  { "uv": [0,8,1,10], "texture": "#1649920" } } },
{ "from": [3,9,15], "to": [3,11,16], "faces": { "east":  { "uv": [0,5,1,7], "texture": "#1649920" } } },
{ "from": [4,11,0], "to": [4,12,1], "faces": { "east":  { "uv": [15,4,16,5], "texture": "#1649920" } } },
{ "from": [4,15,4], "to": [4,16,6], "faces": { "east":  { "uv": [10,0,12,1], "texture": "#1649920" } } },
{ "from": [4,8,15], "to": [4,9,16], "faces": { "east":  { "uv": [0,7,1,8], "texture": "#1649920" } } },
{ "from": [4,15,7], "to": [4,16,9], "faces": { "east":  { "uv": [7,0,9,1], "texture": "#1649920" } } },
{ "from": [4,15,10], "to": [4,16,12], "faces": { "east":  { "uv": [4,0,6,1], "texture": "#1649920" } } },
{ "from": [5,6,15], "to": [5,8,16], "faces": { "east":  { "uv": [0,8,1,10], "texture": "#1649920" } } },
{ "from": [5,9,15], "to": [5,11,16], "faces": { "east":  { "uv": [0,5,1,7], "texture": "#1649920" } } },
{ "from": [7,15,4], "to": [7,16,6], "faces": { "east":  { "uv": [10,0,12,1], "texture": "#1649920" } } },
{ "from": [7,15,10], "to": [7,16,12], "faces": { "east":  { "uv": [4,0,6,1], "texture": "#1649920" } } },
{ "from": [7,15,7], "to": [7,16,9], "faces": { "east":  { "uv": [7,0,9,1], "texture": "#1649920" } } },
{ "from": [10,15,4], "to": [10,16,6], "faces": { "east":  { "uv": [10,0,12,1], "texture": "#1649920" } } },
{ "from": [10,15,10], "to": [10,16,12], "faces": { "east":  { "uv": [4,0,6,1], "texture": "#1649920" } } },
{ "from": [10,15,7], "to": [10,16,9], "faces": { "east":  { "uv": [7,0,9,1], "texture": "#1649920" } } },
{ "from": [11,5,0], "to": [11,8,1], "faces": { "east":  { "uv": [15,8,16,11], "texture": "#1649920" } } },
{ "from": [12,8,0], "to": [12,11,1], "faces": { "east":  { "uv": [15,5,16,8], "texture": "#1649920" } } },
{ "from": [12,15,0], "to": [12,16,1], "faces": { "east":  { "uv": [15,0,16,1], "texture": "#1649920" } } },
{ "from": [12,15,15], "to": [12,16,16], "faces": { "east":  { "uv": [0,0,1,1], "texture": "#1649920" } } },
{ "from": [13,14,0], "to": [13,15,1], "faces": { "east":  { "uv": [15,1,16,2], "texture": "#1649920" } } },
{ "from": [13,15,1], "to": [13,16,2], "faces": { "east":  { "uv": [14,0,15,1], "texture": "#1649920" } } },
{ "from": [13,15,14], "to": [13,16,15], "faces": { "east":  { "uv": [1,0,2,1], "texture": "#1649920" } } },
{ "from": [13,14,15], "to": [13,15,16], "faces": { "east":  { "uv": [0,1,1,2], "texture": "#1649920" } } },
{ "from": [14,13,0], "to": [14,14,1], "faces": { "east":  { "uv": [15,2,16,3], "texture": "#1649920" } } },
{ "from": [14,14,1], "to": [14,15,2], "faces": { "east":  { "uv": [14,1,15,2], "texture": "#1649920" } } },
{ "from": [14,15,2], "to": [14,16,3], "faces": { "east":  { "uv": [13,0,14,1], "texture": "#1649920" } } },
{ "from": [14,9,12], "to": [14,11,13], "faces": { "east":  { "uv": [3,5,4,7], "texture": "#1649920" } } },
{ "from": [14,15,13], "to": [14,16,14], "faces": { "east":  { "uv": [2,0,3,1], "texture": "#1649920" } } },
{ "from": [14,14,14], "to": [14,15,15], "faces": { "east":  { "uv": [1,1,2,2], "texture": "#1649920" } } },
{ "from": [14,13,15], "to": [14,14,16], "faces": { "east":  { "uv": [0,2,1,3], "texture": "#1649920" } } },
{ "from": [15,12,0], "to": [15,13,1], "faces": { "east":  { "uv": [15,3,16,4], "texture": "#1649920" } } },
{ "from": [15,13,1], "to": [15,14,2], "faces": { "east":  { "uv": [14,2,15,3], "texture": "#1649920" } } },
{ "from": [15,14,2], "to": [15,15,3], "faces": { "east":  { "uv": [13,1,14,2], "texture": "#1649920" } } },
{ "from": [15,15,3], "to": [15,16,4], "faces": { "east":  { "uv": [12,0,13,1], "texture": "#1649920" } } },
{ "from": [15,6,10], "to": [15,8,11], "faces": { "east":  { "uv": [5,8,6,10], "texture": "#1649920" } } },
{ "from": [15,9,10], "to": [15,11,11], "faces": { "east":  { "uv": [5,5,6,7], "texture": "#1649920" } } },
{ "from": [15,8,11], "to": [15,9,12], "faces": { "east":  { "uv": [4,7,5,8], "texture": "#1649920" } } },
{ "from": [15,6,12], "to": [15,8,13], "faces": { "east":  { "uv": [3,8,4,10], "texture": "#1649920" } } },
{ "from": [15,15,12], "to": [15,16,13], "faces": { "east":  { "uv": [3,0,4,1], "texture": "#1649920" } } },
{ "from": [15,14,13], "to": [15,15,14], "faces": { "east":  { "uv": [2,1,3,2], "texture": "#1649920" } } },
{ "from": [15,13,14], "to": [15,14,15], "faces": { "east":  { "uv": [1,2,2,3], "texture": "#1649920" } } },
{ "from": [15,12,15], "to": [15,13,16], "faces": { "east":  { "uv": [0,3,1,4], "texture": "#1649920" } } },
{ "from": [0,6,2], "to": [1,7,2], "faces": { "south":  { "uv": [0,9,1,10], "texture": "#1649920" } } },
{ "from": [0,7,3], "to": [1,11,3], "faces": { "south":  { "uv": [0,5,1,9], "texture": "#1649920" } } },
{ "from": [0,5,4], "to": [1,6,4], "faces": { "south":  { "uv": [0,10,1,11], "texture": "#1649920" } } },
{ "from": [4,15,4], "to": [6,16,4], "faces": { "south":  { "uv": [4,0,6,1], "texture": "#1649920" } } },
{ "from": [7,15,4], "to": [9,16,4], "faces": { "south":  { "uv": [7,0,9,1], "texture": "#1649920" } } },
{ "from": [10,15,4], "to": [12,16,4], "faces": { "south":  { "uv": [10,0,12,1], "texture": "#1649920" } } },
{ "from": [4,15,7], "to": [6,16,7], "faces": { "south":  { "uv": [4,0,6,1], "texture": "#1649920" } } },
{ "from": [7,15,7], "to": [9,16,7], "faces": { "south":  { "uv": [7,0,9,1], "texture": "#1649920" } } },
{ "from": [10,15,7], "to": [12,16,7], "faces": { "south":  { "uv": [10,0,12,1], "texture": "#1649920" } } },
{ "from": [15,6,10], "to": [16,8,10], "faces": { "south":  { "uv": [15,8,16,10], "texture": "#1649920" } } },
{ "from": [10,15,10], "to": [12,16,10], "faces": { "south":  { "uv": [10,0,12,1], "texture": "#1649920" } } },
{ "from": [15,9,10], "to": [16,11,10], "faces": { "south":  { "uv": [15,5,16,7], "texture": "#1649920" } } },
{ "from": [7,15,10], "to": [9,16,10], "faces": { "south":  { "uv": [7,0,9,1], "texture": "#1649920" } } },
{ "from": [4,15,10], "to": [6,16,10], "faces": { "south":  { "uv": [4,0,6,1], "texture": "#1649920" } } },
{ "from": [0,8,11], "to": [1,13,11], "faces": { "south":  { "uv": [0,3,1,8], "texture": "#1649920" } } },
{ "from": [15,8,11], "to": [16,9,11], "faces": { "south":  { "uv": [15,7,16,8], "texture": "#1649920" } } },
{ "from": [0,5,12], "to": [1,8,12], "faces": { "south":  { "uv": [0,8,1,11], "texture": "#1649920" } } },
{ "from": [15,15,12], "to": [16,16,12], "faces": { "south":  { "uv": [15,0,16,1], "texture": "#1649920" } } },
{ "from": [15,6,12], "to": [16,8,12], "faces": { "south":  { "uv": [15,8,16,10], "texture": "#1649920" } } },
{ "from": [0,15,12], "to": [1,16,12], "faces": { "south":  { "uv": [0,0,1,1], "texture": "#1649920" } } },
{ "from": [14,9,12], "to": [16,11,12], "faces": { "south":  { "uv": [14,5,16,7], "texture": "#1649920" } } },
{ "from": [0,3,13], "to": [1,5,13], "faces": { "south":  { "uv": [0,11,1,13], "texture": "#1649920" } } },
{ "from": [14,15,13], "to": [15,16,13], "faces": { "south":  { "uv": [14,0,15,1], "texture": "#1649920" } } },
{ "from": [0,11,13], "to": [1,12,13], "faces": { "south":  { "uv": [0,4,1,5], "texture": "#1649920" } } },
{ "from": [0,14,13], "to": [1,15,13], "faces": { "south":  { "uv": [0,1,1,2], "texture": "#1649920" } } },
{ "from": [15,14,13], "to": [16,15,13], "faces": { "south":  { "uv": [15,1,16,2], "texture": "#1649920" } } },
{ "from": [1,15,13], "to": [2,16,13], "faces": { "south":  { "uv": [1,0,2,1], "texture": "#1649920" } } },
{ "from": [0,13,14], "to": [1,14,14], "faces": { "south":  { "uv": [0,2,1,3], "texture": "#1649920" } } },
{ "from": [15,13,14], "to": [16,14,14], "faces": { "south":  { "uv": [15,2,16,3], "texture": "#1649920" } } },
{ "from": [1,14,14], "to": [2,15,14], "faces": { "south":  { "uv": [1,1,2,2], "texture": "#1649920" } } },
{ "from": [14,14,14], "to": [15,15,14], "faces": { "south":  { "uv": [14,1,15,2], "texture": "#1649920" } } },
{ "from": [2,15,14], "to": [3,16,14], "faces": { "south":  { "uv": [2,0,3,1], "texture": "#1649920" } } },
{ "from": [13,15,14], "to": [14,16,14], "faces": { "south":  { "uv": [13,0,14,1], "texture": "#1649920" } } },
{ "from": [3,6,15], "to": [4,8,15], "faces": { "south":  { "uv": [3,8,4,10], "texture": "#1649920" } } },
{ "from": [5,6,15], "to": [6,8,15], "faces": { "south":  { "uv": [5,8,6,10], "texture": "#1649920" } } },
{ "from": [12,15,15], "to": [13,16,15], "faces": { "south":  { "uv": [12,0,13,1], "texture": "#1649920" } } },
{ "from": [3,15,15], "to": [4,16,15], "faces": { "south":  { "uv": [3,0,4,1], "texture": "#1649920" } } },
{ "from": [4,8,15], "to": [5,9,15], "faces": { "south":  { "uv": [4,7,5,8], "texture": "#1649920" } } },
{ "from": [3,9,15], "to": [4,11,15], "faces": { "south":  { "uv": [3,5,4,7], "texture": "#1649920" } } },
{ "from": [5,9,15], "to": [6,11,15], "faces": { "south":  { "uv": [5,5,6,7], "texture": "#1649920" } } },
{ "from": [13,14,15], "to": [14,15,15], "faces": { "south":  { "uv": [13,1,14,2], "texture": "#1649920" } } },
{ "from": [2,14,15], "to": [3,15,15], "faces": { "south":  { "uv": [2,1,3,2], "texture": "#1649920" } } },
{ "from": [0,12,15], "to": [1,13,15], "faces": { "south":  { "uv": [0,3,1,4], "texture": "#1649920" } } },
{ "from": [15,12,15], "to": [16,13,15], "faces": { "south":  { "uv": [15,3,16,4], "texture": "#1649920" } } },
{ "from": [1,13,15], "to": [2,14,15], "faces": { "south":  { "uv": [1,2,2,3], "texture": "#1649920" } } },
{ "from": [14,13,15], "to": [15,14,15], "faces": { "south":  { "uv": [14,2,15,3], "texture": "#1649920" } } },
{ "from": [0,0,0], "to": [16,0,16], "faces": { "down":  { "uv": [0,0,16,16], "texture": "#25961650", "cullface": "down" } } },
{ "from": [13,7,0], "to": [14,7,1], "faces": { "down":  { "uv": [13,15,14,16], "texture": "#25961650" } } },
{ "from": [0,7,2], "to": [1,7,3], "faces": { "down":  { "uv": [0,13,1,14], "texture": "#25961650" } } },
{ "from": [11,8,0], "to": [12,8,1], "faces": { "down":  { "uv": [11,15,12,16], "texture": "#25961650" } } },
{ "from": [0,8,4], "to": [1,8,5], "faces": { "down":  { "uv": [0,11,1,12], "texture": "#25961650" } } },
{ "from": [15,8,10], "to": [16,8,11], "faces": { "down":  { "uv": [15,5,16,6], "texture": "#25961650" } } },
{ "from": [15,8,12], "to": [16,8,13], "faces": { "down":  { "uv": [15,3,16,4], "texture": "#25961650" } } },
{ "from": [3,8,15], "to": [4,8,16], "faces": { "down":  { "uv": [3,0,4,1], "texture": "#25961650" } } },
{ "from": [5,8,15], "to": [6,8,16], "faces": { "down":  { "uv": [5,0,6,1], "texture": "#25961650" } } },
{ "from": [15,9,11], "to": [16,9,12], "faces": { "down":  { "uv": [15,4,16,5], "texture": "#25961650" } } },
{ "from": [4,9,15], "to": [5,9,16], "faces": { "down":  { "uv": [4,0,5,1], "texture": "#25961650" } } },
{ "from": [3,11,0], "to": [4,11,1], "faces": { "down":  { "uv": [3,15,4,16], "texture": "#25961650" } } },
{ "from": [12,11,0], "to": [13,11,1], "faces": { "down":  { "uv": [12,15,13,16], "texture": "#25961650" } } },
{ "from": [0,11,3], "to": [1,11,4], "faces": { "down":  { "uv": [0,12,1,13], "texture": "#25961650" } } },
{ "from": [15,11,10], "to": [16,11,11], "faces": { "down":  { "uv": [15,5,16,6], "texture": "#25961650" } } },
{ "from": [0,11,12], "to": [1,11,13], "faces": { "down":  { "uv": [0,3,1,4], "texture": "#25961650" } } },
{ "from": [14,11,12], "to": [16,11,13], "faces": { "down":  { "uv": [14,3,16,4], "texture": "#25961650" } } },
{ "from": [3,11,15], "to": [4,11,16], "faces": { "down":  { "uv": [3,0,4,1], "texture": "#25961650" } } },
{ "from": [5,11,15], "to": [6,11,16], "faces": { "down":  { "uv": [5,0,6,1], "texture": "#25961650" } } },
{ "from": [2,13,0], "to": [5,13,1], "faces": { "down":  { "uv": [2,15,5,16], "texture": "#25961650" } } },
{ "from": [0,13,11], "to": [1,13,14], "faces": { "down":  { "uv": [0,2,1,5], "texture": "#25961650" } } },
{ "from": [0,0,0], "to": [16,3,0], "faces": { "north":  { "uv": [0,13,16,16], "texture": "#29791113", "cullface": "north" } } },
{ "from": [4,15,0], "to": [12,16,0], "faces": { "north":  { "uv": [4,0,12,1], "texture": "#29791113", "cullface": "north" } } },
{ "from": [3,14,0], "to": [13,15,0], "faces": { "north":  { "uv": [3,1,13,2], "texture": "#29791113", "cullface": "north" } } },
{ "from": [0,3,0], "to": [2,12,0], "faces": { "north":  { "uv": [14,4,16,13], "texture": "#29791113", "cullface": "north" } } },
{ "from": [3,3,0], "to": [16,5,0], "faces": { "north":  { "uv": [0,11,13,13], "texture": "#29791113", "cullface": "north" } } },
{ "from": [2,13,0], "to": [14,14,0], "faces": { "north":  { "uv": [2,2,14,3], "texture": "#29791113", "cullface": "north" } } },
{ "from": [13,7,0], "to": [16,11,0], "faces": { "north":  { "uv": [0,5,3,9], "texture": "#29791113", "cullface": "north" } } },
{ "from": [5,12,0], "to": [15,13,0], "faces": { "north":  { "uv": [1,3,11,4], "texture": "#29791113", "cullface": "north" } } },
{ "from": [4,5,0], "to": [11,8,0], "faces": { "north":  { "uv": [5,8,12,11], "texture": "#29791113", "cullface": "north" } } },
{ "from": [12,5,0], "to": [16,6,0], "faces": { "north":  { "uv": [0,10,4,11], "texture": "#29791113", "cullface": "north" } } },
{ "from": [1,12,0], "to": [2,13,0], "faces": { "north":  { "uv": [14,3,15,4], "texture": "#29791113", "cullface": "north" } } },
{ "from": [5,8,0], "to": [12,11,0], "faces": { "north":  { "uv": [4,5,11,8], "texture": "#29791113", "cullface": "north" } } },
{ "from": [14,6,0], "to": [16,7,0], "faces": { "north":  { "uv": [0,9,2,10], "texture": "#29791113", "cullface": "north" } } },
{ "from": [5,11,0], "to": [16,12,0], "faces": { "north":  { "uv": [0,4,11,5], "texture": "#29791113", "cullface": "north" } } },
{ "from": [3,11,0], "to": [4,12,0], "faces": { "north":  { "uv": [12,4,13,5], "texture": "#29791113", "cullface": "north" } } },
{ "from": [0,0,0], "to": [0,12,1], "faces": { "west":  { "uv": [0,4,1,16], "texture": "#29791113", "cullface": "west" } } },
{ "from": [0,0,1], "to": [0,13,2], "faces": { "west":  { "uv": [1,3,2,16], "texture": "#29791113", "cullface": "west" } } },
{ "from": [0,0,2], "to": [0,6,4], "faces": { "west":  { "uv": [2,10,4,16], "texture": "#29791113", "cullface": "west" } } },
{ "from": [0,7,2], "to": [0,14,3], "faces": { "west":  { "uv": [2,2,3,9], "texture": "#29791113", "cullface": "west" } } },
{ "from": [0,0,15], "to": [0,12,16], "faces": { "west":  { "uv": [15,4,16,16], "texture": "#29791113", "cullface": "west" } } },
{ "from": [0,11,3], "to": [0,15,4], "faces": { "west":  { "uv": [3,1,4,5], "texture": "#29791113", "cullface": "west" } } },
{ "from": [0,0,4], "to": [0,5,5], "faces": { "west":  { "uv": [4,11,5,16], "texture": "#29791113", "cullface": "west" } } },
{ "from": [0,8,4], "to": [0,16,5], "faces": { "west":  { "uv": [4,0,5,8], "texture": "#29791113", "cullface": "west" } } },
{ "from": [0,0,5], "to": [0,16,11], "faces": { "west":  { "uv": [5,0,11,16], "texture": "#29791113", "cullface": "west" } } },
{ "from": [0,0,14], "to": [0,13,15], "faces": { "west":  { "uv": [14,3,15,16], "texture": "#29791113", "cullface": "west" } } },
{ "from": [0,13,13], "to": [0,14,14], "faces": { "west":  { "uv": [13,2,14,3], "texture": "#29791113", "cullface": "west" } } },
{ "from": [0,0,13], "to": [0,3,14], "faces": { "west":  { "uv": [13,13,14,16], "texture": "#29791113", "cullface": "west" } } },
{ "from": [0,13,12], "to": [0,15,13], "faces": { "west":  { "uv": [12,1,13,3], "texture": "#29791113", "cullface": "west" } } },
{ "from": [0,11,12], "to": [0,12,13], "faces": { "west":  { "uv": [12,4,13,5], "texture": "#29791113", "cullface": "west" } } },
{ "from": [0,0,11], "to": [0,8,12], "faces": { "west":  { "uv": [11,8,12,16], "texture": "#29791113", "cullface": "west" } } },
{ "from": [0,13,11], "to": [0,16,12], "faces": { "west":  { "uv": [11,0,12,3], "texture": "#29791113", "cullface": "west" } } },
{ "from": [0,0,12], "to": [0,5,13], "faces": { "west":  { "uv": [12,11,13,16], "texture": "#29791113", "cullface": "west" } } },
{ "from": [1,12,0], "to": [1,13,1], "faces": { "west":  { "uv": [0,3,1,4], "texture": "#29791113" } } },
{ "from": [1,13,1], "to": [1,14,2], "faces": { "west":  { "uv": [1,2,2,3], "texture": "#29791113" } } },
{ "from": [1,6,2], "to": [1,7,3], "faces": { "west":  { "uv": [2,9,3,10], "texture": "#29791113" } } },
{ "from": [1,14,2], "to": [1,15,3], "faces": { "west":  { "uv": [2,1,3,2], "texture": "#29791113" } } },
{ "from": [1,6,3], "to": [1,11,4], "faces": { "west":  { "uv": [3,5,4,10], "texture": "#29791113" } } },
{ "from": [1,15,3], "to": [1,16,4], "faces": { "west":  { "uv": [3,0,4,1], "texture": "#29791113" } } },
{ "from": [1,5,4], "to": [1,8,5], "faces": { "west":  { "uv": [4,8,5,11], "texture": "#29791113" } } },
{ "from": [1,8,11], "to": [1,13,12], "faces": { "west":  { "uv": [11,3,12,8], "texture": "#29791113" } } },
{ "from": [1,5,12], "to": [1,11,13], "faces": { "west":  { "uv": [12,5,13,11], "texture": "#29791113" } } },
{ "from": [1,12,12], "to": [1,13,13], "faces": { "west":  { "uv": [12,3,13,4], "texture": "#29791113" } } },
{ "from": [1,15,12], "to": [1,16,13], "faces": { "west":  { "uv": [12,0,13,1], "texture": "#29791113" } } },
{ "from": [1,3,13], "to": [1,13,14], "faces": { "west":  { "uv": [13,3,14,13], "texture": "#29791113" } } },
{ "from": [1,14,13], "to": [1,15,14], "faces": { "west":  { "uv": [13,1,14,2], "texture": "#29791113" } } },
{ "from": [1,13,14], "to": [1,14,15], "faces": { "west":  { "uv": [14,2,15,3], "texture": "#29791113" } } },
{ "from": [1,12,15], "to": [1,13,16], "faces": { "west":  { "uv": [15,3,16,4], "texture": "#29791113" } } },
{ "from": [2,13,0], "to": [2,14,1], "faces": { "west":  { "uv": [0,2,1,3], "texture": "#29791113" } } },
{ "from": [2,14,1], "to": [2,15,2], "faces": { "west":  { "uv": [1,1,2,2], "texture": "#29791113" } } },
{ "from": [2,15,2], "to": [2,16,3], "faces": { "west":  { "uv": [2,0,3,1], "texture": "#29791113" } } },
{ "from": [2,15,13], "to": [2,16,14], "faces": { "west":  { "uv": [13,0,14,1], "texture": "#29791113" } } },
{ "from": [2,14,14], "to": [2,15,15], "faces": { "west":  { "uv": [14,1,15,2], "texture": "#29791113" } } },
{ "from": [2,13,15], "to": [2,14,16], "faces": { "west":  { "uv": [15,2,16,3], "texture": "#29791113" } } },
{ "from": [3,3,0], "to": [3,5,1], "faces": { "west":  { "uv": [0,11,1,13], "texture": "#29791113" } } },
{ "from": [3,11,0], "to": [3,12,1], "faces": { "west":  { "uv": [0,4,1,5], "texture": "#29791113" } } },
{ "from": [3,14,0], "to": [3,15,1], "faces": { "west":  { "uv": [0,1,1,2], "texture": "#29791113" } } },
{ "from": [3,15,1], "to": [3,16,2], "faces": { "west":  { "uv": [1,0,2,1], "texture": "#29791113" } } },
{ "from": [3,15,14], "to": [3,16,15], "faces": { "west":  { "uv": [14,0,15,1], "texture": "#29791113" } } },
{ "from": [3,14,15], "to": [3,15,16], "faces": { "west":  { "uv": [15,1,16,2], "texture": "#29791113" } } },
{ "from": [4,5,0], "to": [4,8,1], "faces": { "west":  { "uv": [0,8,1,11], "texture": "#29791113" } } },
{ "from": [4,15,0], "to": [4,16,1], "faces": { "west":  { "uv": [0,0,1,1], "texture": "#29791113" } } },
{ "from": [4,6,15], "to": [4,8,16], "faces": { "west":  { "uv": [15,8,16,10], "texture": "#29791113" } } },
{ "from": [4,9,15], "to": [4,11,16], "faces": { "west":  { "uv": [15,5,16,7], "texture": "#29791113" } } },
{ "from": [4,15,15], "to": [4,16,16], "faces": { "west":  { "uv": [15,0,16,1], "texture": "#29791113" } } },
{ "from": [5,8,0], "to": [5,13,1], "faces": { "west":  { "uv": [0,3,1,8], "texture": "#29791113" } } },
{ "from": [5,8,15], "to": [5,9,16], "faces": { "west":  { "uv": [15,7,16,8], "texture": "#29791113" } } },
{ "from": [6,15,4], "to": [6,16,6], "faces": { "west":  { "uv": [4,0,6,1], "texture": "#29791113" } } },
{ "from": [6,9,15], "to": [6,11,16], "faces": { "west":  { "uv": [15,5,16,7], "texture": "#29791113" } } },
{ "from": [6,15,7], "to": [6,16,9], "faces": { "west":  { "uv": [7,0,9,1], "texture": "#29791113" } } },
{ "from": [6,6,15], "to": [6,8,16], "faces": { "west":  { "uv": [15,8,16,10], "texture": "#29791113" } } },
{ "from": [6,15,10], "to": [6,16,12], "faces": { "west":  { "uv": [10,0,12,1], "texture": "#29791113" } } },
{ "from": [9,15,4], "to": [9,16,6], "faces": { "west":  { "uv": [4,0,6,1], "texture": "#29791113" } } },
{ "from": [9,15,10], "to": [9,16,12], "faces": { "west":  { "uv": [10,0,12,1], "texture": "#29791113" } } },
{ "from": [9,15,7], "to": [9,16,9], "faces": { "west":  { "uv": [7,0,9,1], "texture": "#29791113" } } },
{ "from": [12,5,0], "to": [12,6,1], "faces": { "west":  { "uv": [0,10,1,11], "texture": "#29791113" } } },
{ "from": [12,15,4], "to": [12,16,6], "faces": { "west":  { "uv": [4,0,6,1], "texture": "#29791113" } } },
{ "from": [12,15,10], "to": [12,16,12], "faces": { "west":  { "uv": [10,0,12,1], "texture": "#29791113" } } },
{ "from": [12,15,7], "to": [12,16,9], "faces": { "west":  { "uv": [7,0,9,1], "texture": "#29791113" } } },
{ "from": [13,7,0], "to": [13,11,1], "faces": { "west":  { "uv": [0,5,1,9], "texture": "#29791113" } } },
{ "from": [14,6,0], "to": [14,7,1], "faces": { "west":  { "uv": [0,9,1,10], "texture": "#29791113" } } },
{ "from": [2,3,1], "to": [3,5,1], "faces": { "north":  { "uv": [13,11,14,13], "texture": "#29791113" } } },
{ "from": [12,15,1], "to": [13,16,1], "faces": { "north":  { "uv": [3,0,4,1], "texture": "#29791113" } } },
{ "from": [2,5,1], "to": [4,8,1], "faces": { "north":  { "uv": [12,8,14,11], "texture": "#29791113" } } },
{ "from": [11,5,1], "to": [12,6,1], "faces": { "north":  { "uv": [4,10,5,11], "texture": "#29791113" } } },
{ "from": [3,15,1], "to": [4,16,1], "faces": { "north":  { "uv": [12,0,13,1], "texture": "#29791113" } } },
{ "from": [11,6,1], "to": [14,7,1], "faces": { "north":  { "uv": [2,9,5,10], "texture": "#29791113" } } },
{ "from": [13,14,1], "to": [14,15,1], "faces": { "north":  { "uv": [2,1,3,2], "texture": "#29791113" } } },
{ "from": [11,7,1], "to": [13,8,1], "faces": { "north":  { "uv": [3,8,5,9], "texture": "#29791113" } } },
{ "from": [2,8,1], "to": [5,11,1], "faces": { "north":  { "uv": [11,5,14,8], "texture": "#29791113" } } },
{ "from": [12,8,1], "to": [13,11,1], "faces": { "north":  { "uv": [3,5,4,8], "texture": "#29791113" } } },
{ "from": [2,14,1], "to": [3,15,1], "faces": { "north":  { "uv": [13,1,14,2], "texture": "#29791113" } } },
{ "from": [1,13,1], "to": [2,14,1], "faces": { "north":  { "uv": [14,2,15,3], "texture": "#29791113" } } },
{ "from": [14,13,1], "to": [15,14,1], "faces": { "north":  { "uv": [1,2,2,3], "texture": "#29791113" } } },
{ "from": [15,12,1], "to": [16,13,1], "faces": { "north":  { "uv": [0,3,1,4], "texture": "#29791113" } } },
{ "from": [2,11,1], "to": [3,12,1], "faces": { "north":  { "uv": [13,4,14,5], "texture": "#29791113" } } },
{ "from": [4,11,1], "to": [5,12,1], "faces": { "north":  { "uv": [11,4,12,5], "texture": "#29791113" } } },
{ "from": [0,12,1], "to": [1,13,1], "faces": { "north":  { "uv": [15,3,16,4], "texture": "#29791113" } } },
{ "from": [2,12,1], "to": [5,13,1], "faces": { "north":  { "uv": [11,3,14,4], "texture": "#29791113" } } },
{ "from": [0,13,2], "to": [1,14,2], "faces": { "north":  { "uv": [15,2,16,3], "texture": "#29791113" } } },
{ "from": [15,13,2], "to": [16,14,2], "faces": { "north":  { "uv": [0,2,1,3], "texture": "#29791113" } } },
{ "from": [1,14,2], "to": [2,15,2], "faces": { "north":  { "uv": [14,1,15,2], "texture": "#29791113" } } },
{ "from": [14,14,2], "to": [15,15,2], "faces": { "north":  { "uv": [1,1,2,2], "texture": "#29791113" } } },
{ "from": [2,15,2], "to": [3,16,2], "faces": { "north":  { "uv": [13,0,14,1], "texture": "#29791113" } } },
{ "from": [13,15,2], "to": [14,16,2], "faces": { "north":  { "uv": [2,0,3,1], "texture": "#29791113" } } },
{ "from": [0,14,3], "to": [1,15,3], "faces": { "north":  { "uv": [15,1,16,2], "texture": "#29791113" } } },
{ "from": [15,14,3], "to": [16,15,3], "faces": { "north":  { "uv": [0,1,1,2], "texture": "#29791113" } } },
{ "from": [1,15,3], "to": [2,16,3], "faces": { "north":  { "uv": [14,0,15,1], "texture": "#29791113" } } },
{ "from": [14,15,3], "to": [15,16,3], "faces": { "north":  { "uv": [1,0,2,1], "texture": "#29791113" } } },
{ "from": [0,8,4], "to": [1,11,4], "faces": { "north":  { "uv": [15,5,16,8], "texture": "#29791113" } } },
{ "from": [15,15,4], "to": [16,16,4], "faces": { "north":  { "uv": [0,0,1,1], "texture": "#29791113" } } },
{ "from": [0,15,4], "to": [1,16,4], "faces": { "north":  { "uv": [15,0,16,1], "texture": "#29791113" } } },
{ "from": [0,5,5], "to": [1,8,5], "faces": { "north":  { "uv": [15,8,16,11], "texture": "#29791113" } } },
{ "from": [4,15,6], "to": [6,16,6], "faces": { "north":  { "uv": [10,0,12,1], "texture": "#29791113" } } },
{ "from": [7,15,6], "to": [9,16,6], "faces": { "north":  { "uv": [7,0,9,1], "texture": "#29791113" } } },
{ "from": [10,15,6], "to": [12,16,6], "faces": { "north":  { "uv": [4,0,6,1], "texture": "#29791113" } } },
{ "from": [4,15,9], "to": [6,16,9], "faces": { "north":  { "uv": [10,0,12,1], "texture": "#29791113" } } },
{ "from": [7,15,9], "to": [9,16,9], "faces": { "north":  { "uv": [7,0,9,1], "texture": "#29791113" } } },
{ "from": [10,15,9], "to": [12,16,9], "faces": { "north":  { "uv": [4,0,6,1], "texture": "#29791113" } } },
{ "from": [15,6,11], "to": [16,8,11], "faces": { "north":  { "uv": [0,8,1,10], "texture": "#29791113" } } },
{ "from": [15,9,11], "to": [16,11,11], "faces": { "north":  { "uv": [0,5,1,7], "texture": "#29791113" } } },
{ "from": [15,8,12], "to": [16,9,12], "faces": { "north":  { "uv": [0,7,1,8], "texture": "#29791113" } } },
{ "from": [0,11,12], "to": [1,12,12], "faces": { "north":  { "uv": [15,4,16,5], "texture": "#29791113" } } },
{ "from": [4,15,12], "to": [6,16,12], "faces": { "north":  { "uv": [10,0,12,1], "texture": "#29791113" } } },
{ "from": [7,15,12], "to": [9,16,12], "faces": { "north":  { "uv": [7,0,9,1], "texture": "#29791113" } } },
{ "from": [10,15,12], "to": [12,16,12], "faces": { "north":  { "uv": [4,0,6,1], "texture": "#29791113" } } },
{ "from": [15,6,13], "to": [16,8,13], "faces": { "north":  { "uv": [0,8,1,10], "texture": "#29791113" } } },
{ "from": [14,9,13], "to": [16,11,13], "faces": { "north":  { "uv": [0,5,2,7], "texture": "#29791113" } } },
{ "from": [0,3,14], "to": [1,13,14], "faces": { "north":  { "uv": [15,3,16,13], "texture": "#29791113" } } }
],
"display": { "thirdperson": { "rotation": [ 10, -45, 170 ], "translation": [ 0, 1.5, -2.75 ], "scale": [ 0.375, 0.375, 0.375 ] } } }