{
	"credit": "Made with Blockbench",
	"textures": {
		"pumpkin_side": "vadditions:block/pumpkin_side",
		"lazer_core": "vadditions:block/lazers/core",
		"texture": "vadditions:block/pumpkin_side",
		"snow_block": "vadditions:block/stone"
	},
	"elements": [
		{
			"from": [8.5, 0, 6],
			"to": [11.5, 2, 11],
			"faces": {
				"north": {"uv": [0, 0, 3, 2], "texture": "#pumpkin_side"},
				"east": {"uv": [0, 0, 5, 2], "texture": "#pumpkin_side"},
				"south": {"uv": [0, 0, 3, 2], "texture": "#pumpkin_side"},
				"west": {"uv": [0, 0, 5, 2], "texture": "#pumpkin_side"},
				"up": {"uv": [0, 0, 3, 5], "texture": "#pumpkin_side"},
				"down": {"uv": [0, 0, 3, 5], "texture": "#pumpkin_side"}
			}
		},
		{
			"from": [4.5, 0, 6],
			"to": [7.5, 2, 11],
			"faces": {
				"north": {"uv": [0, 0, 3, 2], "texture": "#pumpkin_side"},
				"east": {"uv": [0, 0, 5, 2], "texture": "#pumpkin_side"},
				"south": {"uv": [0, 0, 3, 2], "texture": "#pumpkin_side"},
				"west": {"uv": [0, 0, 5, 2], "texture": "#pumpkin_side"},
				"up": {"uv": [0, 0, 3, 5], "texture": "#pumpkin_side"},
				"down": {"uv": [0, 0, 3, 5], "texture": "#pumpkin_side"}
			}
		},
		{
			"from": [8.75, 2, 6.3125],
			"to": [11.25, 5, 8.8125],
			"faces": {
				"north": {"uv": [0, 0, 2.5, 3], "texture": "#pumpkin_side"},
				"east": {"uv": [0, 0, 2.5, 3], "texture": "#pumpkin_side"},
				"south": {"uv": [0, 0, 2.5, 3], "texture": "#pumpkin_side"},
				"west": {"uv": [0, 0, 2.5, 3], "texture": "#pumpkin_side"},
				"up": {"uv": [0, 0, 2.5, 2.5], "texture": "#pumpkin_side"},
				"down": {"uv": [0, 0, 2.5, 2.5], "texture": "#pumpkin_side"}
			}
		},
		{
			"from": [8.5, 5, 6],
			"to": [11.5, 9.5, 9],
			"faces": {
				"north": {"uv": [0, 0, 3, 4.5], "texture": "#snow_block"},
				"east": {"uv": [0, 0, 3, 4.5], "texture": "#snow_block"},
				"south": {"uv": [0, 0, 3, 4.5], "texture": "#snow_block"},
				"west": {"uv": [0, 0, 3, 4.5], "texture": "#snow_block"},
				"up": {"uv": [0, 0, 3, 3], "texture": "#snow_block"},
				"down": {"uv": [0, 0, 3, 3], "texture": "#snow_block"}
			}
		},
		{
			"from": [4.75, 2, 6.3125],
			"to": [7.25, 5, 8.8125],
			"faces": {
				"north": {"uv": [0, 0, 2.5, 3], "texture": "#pumpkin_side"},
				"east": {"uv": [0, 0, 2.5, 3], "texture": "#pumpkin_side"},
				"south": {"uv": [0, 0, 2.5, 3], "texture": "#pumpkin_side"},
				"west": {"uv": [0, 0, 2.5, 3], "texture": "#pumpkin_side"},
				"up": {"uv": [0, 0, 2.5, 2.5], "texture": "#pumpkin_side"},
				"down": {"uv": [0, 0, 2.5, 2.5], "texture": "#pumpkin_side"}
			}
		},
		{
			"from": [4.5, 5, 6],
			"to": [7.5, 9.5, 9],
			"faces": {
				"north": {"uv": [0, 0, 3, 4.5], "texture": "#snow_block"},
				"east": {"uv": [0, 0, 3, 4.5], "texture": "#snow_block"},
				"south": {"uv": [0, 0, 3, 4.5], "texture": "#snow_block"},
				"west": {"uv": [0, 0, 3, 4.5], "texture": "#snow_block"},
				"up": {"uv": [0, 0, 3, 3], "texture": "#snow_block"},
				"down": {"uv": [0, 0, 3, 3], "texture": "#snow_block"}
			}
		},
		{
			"from": [4.5, 9.5, 5.5],
			"to": [11.5, 18.5, 9.5],
			"faces": {
				"north": {"uv": [0, 0, 7, 9], "texture": "#pumpkin_side"},
				"east": {"uv": [0, 0, 4, 9], "texture": "#pumpkin_side"},
				"south": {"uv": [5, 2, 12, 11], "texture": "#pumpkin_side"},
				"west": {"uv": [0, 0, 4, 9], "texture": "#pumpkin_side"},
				"up": {"uv": [0, 0, 7, 4], "texture": "#pumpkin_side"},
				"down": {"uv": [0, 0, 7, 4], "texture": "#pumpkin_side"}
			}
		},
		{
			"from": [11, 12.5, 6.25],
			"to": [14, 17, 8.75],
			"faces": {
				"north": {"uv": [0, 0, 3, 4.5], "texture": "#pumpkin_side"},
				"east": {"uv": [0, 0, 2.5, 4.5], "texture": "#pumpkin_side"},
				"south": {"uv": [0, 0, 3, 4.5], "texture": "#pumpkin_side"},
				"west": {"uv": [0, 0, 2.5, 4.5], "texture": "#pumpkin_side"},
				"up": {"uv": [0, 0, 3, 2.5], "texture": "#pumpkin_side"},
				"down": {"uv": [0, 0, 3, 2.5], "texture": "#pumpkin_side"}
			}
		},
		{
			"from": [2, 12.5, 6.25],
			"to": [5, 17, 8.75],
			"faces": {
				"north": {"uv": [6.25, 0, 8.75, 4.5], "texture": "#pumpkin_side"},
				"east": {"uv": [6.25, 0, 8.75, 4.5], "texture": "#pumpkin_side"},
				"south": {"uv": [6.25, 0, 8.75, 4.5], "texture": "#pumpkin_side"},
				"west": {"uv": [6.25, 0, 8.75, 4.5], "texture": "#pumpkin_side"},
				"up": {"uv": [6.25, 0, 8.75, 4.5], "texture": "#pumpkin_side"},
				"down": {"uv": [6.25, 0, 8.75, 4.5], "texture": "#pumpkin_side"}
			}
		},
		{
			"from": [11.25, 7.73081, 6.5],
			"to": [13.75, 12.7308, 9],
			"rotation": {"angle": -22.5, "axis": "x", "origin": [11.25, 12.7308, 6.5]},
			"faces": {
				"north": {"uv": [0, 0, 2.5, 4.99999], "texture": "#pumpkin_side"},
				"east": {"uv": [0, 0, 2.5, 4.99999], "texture": "#pumpkin_side"},
				"south": {"uv": [0, 0, 2.5, 4.99999], "texture": "#pumpkin_side"},
				"west": {"uv": [0, 0, 2.5, 4.99999], "texture": "#pumpkin_side"},
				"up": {"uv": [0, 0, 2.5, 2.5], "texture": "#pumpkin_side"},
				"down": {"uv": [0, 0, 2.5, 2.5], "texture": "#pumpkin_side"}
			}
		},
		{
			"from": [2.25, 7.73081, 6.5],
			"to": [4.75, 12.7308, 9],
			"rotation": {"angle": -22.5, "axis": "x", "origin": [2.25, 12.7308, 6.5]},
			"faces": {
				"north": {"uv": [6.5, 3.25, 9, 8.25], "texture": "#pumpkin_side"},
				"east": {"uv": [6.5, 3.25, 9, 8.25], "texture": "#pumpkin_side"},
				"south": {"uv": [6.5, 3.25, 9, 8.25], "texture": "#pumpkin_side"},
				"west": {"uv": [6.5, 3.25, 9, 8.25], "texture": "#pumpkin_side"},
				"up": {"uv": [6.5, 3.25, 9, 8.25], "texture": "#pumpkin_side"},
				"down": {"uv": [6.5, 3.25, 9, 8.25], "texture": "#pumpkin_side"}
			}
		},
		{
			"from": [6, 18.5, 5.5],
			"to": [10, 22.5, 9],
			"faces": {
				"north": {"uv": [6, 0, 10, 4], "texture": "#snow_block"},
				"east": {"uv": [5.5, 0, 9, 4], "texture": "#snow_block"},
				"south": {"uv": [6, 0, 10, 4], "texture": "#snow_block"},
				"west": {"uv": [5.5, 0, 9, 4], "texture": "#snow_block"},
				"up": {"uv": [6, 5.5, 10, 9], "texture": "#snow_block"},
				"down": {"uv": [6, 5.5, 10, 9], "texture": "#snow_block"}
			}
		},
		{
			"from": [7.5, 20, 9.5],
			"to": [8.5, 23, 10],
			"faces": {
				"north": {"uv": [7.5, 0, 8.5, 3], "texture": "#pumpkin_side"},
				"east": {"uv": [7.5, 0, 8.5, 3], "texture": "#pumpkin_side"},
				"south": {"uv": [7.5, 0, 8.5, 3], "texture": "#pumpkin_side"},
				"west": {"uv": [7.5, 0, 8.5, 3], "texture": "#pumpkin_side"},
				"up": {"uv": [7.5, 0, 8.5, 3], "texture": "#pumpkin_side"},
				"down": {"uv": [7.5, 0, 8.5, 3], "texture": "#pumpkin_side"}
			}
		},
		{
			"from": [5.5, 19, 9.5],
			"to": [7, 20.5, 10],
			"faces": {
				"north": {"uv": [5.5, 0, 7, 1.5], "texture": "#pumpkin_side"},
				"east": {"uv": [5.5, 0, 7, 1.5], "texture": "#pumpkin_side"},
				"south": {"uv": [5.5, 0, 7, 1.5], "texture": "#pumpkin_side"},
				"west": {"uv": [5.5, 0, 7, 1.5], "texture": "#pumpkin_side"},
				"up": {"uv": [5.5, 0, 7, 1.5], "texture": "#pumpkin_side"},
				"down": {"uv": [5.5, 0, 7, 1.5], "texture": "#pumpkin_side"}
			}
		},
		{
			"from": [9, 19, 9.5],
			"to": [10.5, 20.5, 10],
			"faces": {
				"north": {"uv": [9, 0, 10.5, 1.5], "texture": "#pumpkin_side"},
				"east": {"uv": [9, 0, 10.5, 1.5], "texture": "#pumpkin_side"},
				"south": {"uv": [9, 0, 10.5, 1.5], "texture": "#pumpkin_side"},
				"west": {"uv": [9, 0, 10.5, 1.5], "texture": "#pumpkin_side"},
				"up": {"uv": [9, 0, 10.5, 1.5], "texture": "#pumpkin_side"},
				"down": {"uv": [9, 0, 10.5, 1.5], "texture": "#pumpkin_side"}
			}
		},
		{
			"from": [5.5, 21.5, 9.5],
			"to": [7.5, 23, 10],
			"faces": {
				"north": {"uv": [5.5, 0, 7.5, 1.5], "texture": "#pumpkin_side"},
				"east": {"uv": [5.5, 0, 7.5, 1.5], "texture": "#pumpkin_side"},
				"south": {"uv": [5.5, 0, 7.5, 1.5], "texture": "#pumpkin_side"},
				"west": {"uv": [5.5, 0, 7.5, 1.5], "texture": "#pumpkin_side"},
				"up": {"uv": [5.5, 0, 7.5, 1.5], "texture": "#pumpkin_side"},
				"down": {"uv": [5.5, 0, 7.5, 1.5], "texture": "#pumpkin_side"}
			}
		},
		{
			"from": [8.5, 21.5, 9.5],
			"to": [10.5, 23, 10],
			"faces": {
				"north": {"uv": [8.5, 0, 10.5, 1.5], "texture": "#pumpkin_side"},
				"east": {"uv": [8.5, 0, 10.5, 1.5], "texture": "#pumpkin_side"},
				"south": {"uv": [8.5, 0, 10.5, 1.5], "texture": "#pumpkin_side"},
				"west": {"uv": [8.5, 0, 10.5, 1.5], "texture": "#pumpkin_side"},
				"up": {"uv": [8.5, 0, 10.5, 1.5], "texture": "#pumpkin_side"},
				"down": {"uv": [8.5, 0, 10.5, 1.5], "texture": "#pumpkin_side"}
			}
		},
		{
			"from": [6, 22.5, 5.5],
			"to": [10, 23, 9.5],
			"faces": {
				"north": {"uv": [6, 5.5, 10, 9.5], "texture": "#pumpkin_side"},
				"east": {"uv": [6, 5.5, 10, 9.5], "texture": "#pumpkin_side"},
				"south": {"uv": [6, 5.5, 10, 9.5], "texture": "#pumpkin_side"},
				"west": {"uv": [6, 5.5, 10, 9.5], "texture": "#pumpkin_side"},
				"up": {"uv": [6, 5.5, 10, 9.5], "texture": "#pumpkin_side"},
				"down": {"uv": [6, 5.5, 10, 9.5], "texture": "#pumpkin_side"}
			}
		},
		{
			"from": [5.5, 19, 5],
			"to": [10.5, 22.5, 5.5],
			"faces": {
				"north": {"uv": [5, 0, 5.5, 3.5], "texture": "#pumpkin_side"},
				"east": {"uv": [5, 0, 5.5, 3.5], "texture": "#pumpkin_side"},
				"south": {"uv": [5, 0, 5.5, 3.5], "texture": "#pumpkin_side"},
				"west": {"uv": [5, 0, 5.5, 3.5], "texture": "#pumpkin_side"},
				"up": {"uv": [5, 0, 5.5, 3.5], "texture": "#pumpkin_side"},
				"down": {"uv": [5, 0, 5.5, 3.5], "texture": "#pumpkin_side"}
			}
		},
		{
			"from": [5.5, 19, 5.5],
			"to": [10.5, 22.5, 6.5],
			"faces": {
				"north": {"uv": [5.5, 0, 6.5, 3.5], "texture": "#pumpkin_side"},
				"east": {"uv": [5.5, 0, 6.5, 3.5], "texture": "#pumpkin_side"},
				"south": {"uv": [5.5, 0, 6.5, 3.5], "texture": "#pumpkin_side"},
				"west": {"uv": [5.5, 0, 6.5, 3.5], "texture": "#pumpkin_side"},
				"up": {"uv": [5.5, 0, 6.5, 3.5], "texture": "#pumpkin_side"},
				"down": {"uv": [5.5, 0, 6.5, 3.5], "texture": "#pumpkin_side"}
			}
		},
		{
			"from": [5.5, 20, 6.5],
			"to": [6, 20.5, 7],
			"faces": {
				"north": {"uv": [0, 0, 0.5, 0.5], "texture": "#pumpkin_side"},
				"east": {"uv": [0, 0, 0.5, 0.5], "texture": "#pumpkin_side"},
				"south": {"uv": [0, 0, 0.5, 0.5], "texture": "#pumpkin_side"},
				"west": {"uv": [0, 0, 0.5, 0.5], "texture": "#pumpkin_side"},
				"up": {"uv": [0, 0, 0.5, 0.5], "texture": "#pumpkin_side"},
				"down": {"uv": [0, 0, 0.5, 0.5], "texture": "#pumpkin_side"}
			}
		},
		{
			"from": [5.5, 20.5, 6.5],
			"to": [6, 22.5, 9.5],
			"faces": {
				"north": {"uv": [6.5, 0, 9.5, 2], "texture": "#pumpkin_side"},
				"east": {"uv": [6.5, 0, 9.5, 2], "texture": "#pumpkin_side"},
				"south": {"uv": [6.5, 0, 9.5, 2], "texture": "#pumpkin_side"},
				"west": {"uv": [6.5, 0, 9.5, 2], "texture": "#pumpkin_side"},
				"up": {"uv": [6.5, 0, 9.5, 2], "texture": "#pumpkin_side"},
				"down": {"uv": [6.5, 0, 9.5, 2], "texture": "#pumpkin_side"}
			}
		},
		{
			"from": [5.5, 20, 8],
			"to": [10.5, 20.5, 8.5],
			"faces": {
				"north": {"uv": [0, 0, 5, 0.5], "texture": "#pumpkin_side"},
				"east": {"uv": [0, 0, 0.5, 0.5], "texture": "#pumpkin_side"},
				"south": {"uv": [0, 0, 5, 0.5], "texture": "#pumpkin_side"},
				"west": {"uv": [0, 0, 0.5, 0.5], "texture": "#pumpkin_side"},
				"up": {"uv": [0, 0, 5, 0.5], "texture": "#pumpkin_side"},
				"down": {"uv": [0, 0, 5, 0.5], "texture": "#pumpkin_side"}
			}
		},
		{
			"from": [5.5, 18.5, 8.5],
			"to": [6, 20.5, 9.5],
			"faces": {
				"north": {"uv": [8.5, 0, 9.5, 2], "texture": "#pumpkin_side"},
				"east": {"uv": [8.5, 0, 9.5, 2], "texture": "#pumpkin_side"},
				"south": {"uv": [8.5, 0, 9.5, 2], "texture": "#pumpkin_side"},
				"west": {"uv": [8.5, 0, 9.5, 2], "texture": "#pumpkin_side"},
				"up": {"uv": [8.5, 0, 9.5, 2], "texture": "#pumpkin_side"},
				"down": {"uv": [8.5, 0, 9.5, 2], "texture": "#pumpkin_side"}
			}
		},
		{
			"from": [10, 15, 6.5],
			"to": [11, 16, 7.5],
			"faces": {
				"north": {"uv": [5, 0, 6, 1], "texture": "#texture"},
				"east": {"uv": [8.5, 0, 9.5, 1], "texture": "#texture"},
				"south": {"uv": [10, 0, 11, 1], "texture": "#texture"},
				"west": {"uv": [6.5, 0, 7.5, 1], "texture": "#texture"},
				"up": {"uv": [10, 6.5, 11, 7.5], "texture": "#texture"},
				"down": {"uv": [10, 8.5, 11, 9.5], "texture": "#texture"}
			}
		},
		{
			"from": [10, 20.5, 6.5],
			"to": [10.5, 22.5, 9.5],
			"faces": {
				"north": {"uv": [5.5, 0, 6, 0], "texture": "#pumpkin_side"},
				"east": {"uv": [6.5, 0, 9.5, 0], "texture": "#pumpkin_side"},
				"south": {"uv": [10, 0, 10.5, 0], "texture": "#pumpkin_side"},
				"west": {"uv": [6.5, 0, 9.5, 0], "texture": "#pumpkin_side"},
				"up": {"uv": [10, 6.5, 10.5, 9.5], "texture": "#pumpkin_side"},
				"down": {"uv": [10, 6.5, 10.5, 9.5], "texture": "#pumpkin_side"}
			}
		},
		{
			"from": [10, 20, 6.5],
			"to": [10.5, 20.5, 7],
			"faces": {
				"north": {"uv": [5.5, 0, 6, 0], "texture": "#pumpkin_side"},
				"east": {"uv": [9, 0, 9.5, 0], "texture": "#pumpkin_side"},
				"south": {"uv": [10, 0, 10.5, 0], "texture": "#pumpkin_side"},
				"west": {"uv": [6.5, 0, 7, 0], "texture": "#pumpkin_side"},
				"up": {"uv": [10, 6.5, 10.5, 7], "texture": "#pumpkin_side"},
				"down": {"uv": [10, 9, 10.5, 9.5], "texture": "#pumpkin_side"}
			}
		},
		{
			"from": [10, 18.5, 8.5],
			"to": [10.5, 20.5, 9.5],
			"faces": {
				"north": {"uv": [5.5, 0, 6, 0], "texture": "#pumpkin_side"},
				"east": {"uv": [6.5, 0, 7.5, 0], "texture": "#pumpkin_side"},
				"south": {"uv": [10, 0, 10.5, 0], "texture": "#pumpkin_side"},
				"west": {"uv": [8.5, 0, 9.5, 0], "texture": "#pumpkin_side"},
				"up": {"uv": [10, 8.5, 10.5, 9.5], "texture": "#pumpkin_side"},
				"down": {"uv": [10, 6.5, 10.5, 7.5], "texture": "#pumpkin_side"}
			}
		},
		{
			"from": [6, 18.5, 9],
			"to": [10, 20.5, 9.5],
			"faces": {
				"north": {"uv": [6, 0, 10, 0], "texture": "#snow_block"},
				"east": {"uv": [6.5, 0, 7, 0], "texture": "#snow_block"},
				"south": {"uv": [6, 0, 10, 0], "texture": "#snow_block"},
				"west": {"uv": [9, 0, 9.5, 0], "texture": "#snow_block"},
				"up": {"uv": [6, 9, 10, 9.5], "texture": "#snow_block"},
				"down": {"uv": [6, 6.5, 10, 7], "texture": "#snow_block"}
			}
		},
		{
			"from": [7.5, 20.5, 9],
			"to": [8.5, 21.5, 9.5],
			"faces": {
				"north": {"uv": [7.5, 0, 8.5, 0], "texture": "#snow_block"},
				"east": {"uv": [6.5, 0, 7, 0], "texture": "#snow_block"},
				"south": {"uv": [7.5, 0, 8.5, 0], "texture": "#snow_block"},
				"west": {"uv": [9, 0, 9.5, 0], "texture": "#snow_block"},
				"up": {"uv": [7.5, 9, 8.5, 9.5], "texture": "#snow_block"},
				"down": {"uv": [7.5, 6.5, 8.5, 7], "texture": "#snow_block"}
			}
		},
		{
			"from": [6, 21.5, 9],
			"to": [10, 22.5, 9.5],
			"faces": {
				"north": {"uv": [6, 0, 10, 0], "texture": "#snow_block"},
				"east": {"uv": [6.5, 0, 7, 0], "texture": "#snow_block"},
				"south": {"uv": [6, 0, 10, 0], "texture": "#snow_block"},
				"west": {"uv": [9, 0, 9.5, 0], "texture": "#snow_block"},
				"up": {"uv": [6, 9, 10, 9.5], "texture": "#snow_block"},
				"down": {"uv": [6, 6.5, 10, 7], "texture": "#snow_block"}
			}
		},
		{
			"from": [6, 20.5, 8.6875],
			"to": [10, 21.5, 9.1875],
			"faces": {
				"north": {"uv": [6, 0, 10, 0], "texture": "#lazer_core"},
				"east": {"uv": [6.8125, 0, 7.3125, 0], "texture": "#lazer_core"},
				"south": {"uv": [6, 7, 10, 8], "texture": "#lazer_core"},
				"west": {"uv": [8.6875, 0, 9.1875, 0], "texture": "#lazer_core"},
				"up": {"uv": [6, 8.6875, 10, 9.1875], "texture": "#lazer_core"},
				"down": {"uv": [6, 6.8125, 10, 7.3125], "texture": "#lazer_core"}
			}
		},
		{
			"from": [2.75, 8.5, 7],
			"to": [4.25, 10, 10.5],
			"rotation": {"angle": -22.5, "axis": "x", "origin": [2.75, 10, 7]},
			"faces": {
				"north": {"uv": [11.75, 6, 13.25, 7.5], "texture": "#snow_block"},
				"east": {"uv": [5.5, 6, 9, 7.5], "texture": "#snow_block"},
				"south": {"uv": [2.75, 6, 4.25, 7.5], "texture": "#snow_block"},
				"west": {"uv": [7, 6, 10.5, 7.5], "texture": "#snow_block"},
				"up": {"uv": [2.75, 7, 4.25, 10.5], "texture": "#snow_block"},
				"down": {"uv": [2.75, 5.5, 4.25, 9], "texture": "#snow_block"}
			}
		},
		{
			"from": [3, 8.25, 5.8125],
			"to": [4, 9.25, 7.3125],
			"rotation": {"angle": -22.5, "axis": "x", "origin": [3, 9.25, 5.8125]},
			"faces": {
				"north": {"uv": [12, 6.75, 13, 7.75], "texture": "#snow_block"},
				"east": {"uv": [8.6875, 6.75, 10.1875, 7.75], "texture": "#snow_block"},
				"south": {"uv": [3, 6.75, 4, 7.75], "texture": "#snow_block"},
				"west": {"uv": [5.8125, 6.75, 7.3125, 7.75], "texture": "#snow_block"},
				"up": {"uv": [3, 5.8125, 4, 7.3125], "texture": "#snow_block"},
				"down": {"uv": [3, 8.6875, 4, 10.1875], "texture": "#snow_block"}
			}
		},
		{
			"from": [2.5, 9, 9.9375],
			"to": [4.5, 12, 10.4375],
			"rotation": {"angle": -22.5, "axis": "x", "origin": [2.5, 12, 9.9375]},
			"faces": {
				"north": {"uv": [11.5, 4, 13.5, 7], "texture": "#snow_block"},
				"east": {"uv": [5.5625, 4, 6.0625, 7], "texture": "#snow_block"},
				"south": {"uv": [2.5, 4, 4.5, 7], "texture": "#snow_block"},
				"west": {"uv": [9.9375, 4, 10.4375, 7], "texture": "#snow_block"},
				"up": {"uv": [2.5, 9.9375, 4.5, 10.4375], "texture": "#snow_block"},
				"down": {"uv": [2.5, 5.5625, 4.5, 6.0625], "texture": "#snow_block"}
			}
		},
		{
			"from": [3.25, 9.6875, 10.5],
			"to": [3.75, 11.6875, 20.5],
			"rotation": {"angle": -22.5, "axis": "x", "origin": [3.25, 11.6875, 10.5]},
			"faces": {
				"north": {"uv": [12.25, 4.3125, 12.75, 6.3125], "texture": "#pumpkin_side"},
				"east": {"uv": [0, 4.3125, 5.5, 6.3125], "texture": "#pumpkin_side"},
				"south": {"uv": [3.25, 4.3125, 3.75, 6.3125], "texture": "#pumpkin_side"},
				"west": {"uv": [10.5, 4.3125, 16, 6.3125], "texture": "#pumpkin_side"},
				"up": {"uv": [3.25, 10.5, 3.75, 16], "texture": "#pumpkin_side"},
				"down": {"uv": [3.25, 0, 3.75, 5.5], "texture": "#pumpkin_side"}
			}
		},
		{
			"from": [3, 10.25, 10.75],
			"to": [4, 11.25, 20.25],
			"rotation": {"angle": -22.5, "axis": "x", "origin": [3, 11.25, 10.75]},
			"faces": {
				"north": {"uv": [12, 4.75, 13, 5.75], "texture": "#pumpkin_side"},
				"east": {"uv": [0, 4.75, 5.25, 5.75], "texture": "#pumpkin_side"},
				"south": {"uv": [3, 4.75, 4, 5.75], "texture": "#pumpkin_side"},
				"west": {"uv": [10.75, 4.75, 16, 5.75], "texture": "#pumpkin_side"},
				"up": {"uv": [3, 10.75, 4, 16], "texture": "#pumpkin_side"},
				"down": {"uv": [3, 0, 4, 5.25], "texture": "#pumpkin_side"}
			}
		},
		{
			"from": [3.25, 14, 19.9375],
			"to": [3.75, 15, 20.9375],
			"rotation": {"angle": -22.5, "axis": "x", "origin": [3.25, 15, 19.9375]},
			"faces": {
				"north": {"uv": [12.25, 1, 12.75, 2], "texture": "#pumpkin_side"},
				"east": {"uv": [0, 1, 0, 2], "texture": "#pumpkin_side"},
				"south": {"uv": [3.25, 1, 3.75, 2], "texture": "#pumpkin_side"},
				"west": {"uv": [16, 1, 16, 2], "texture": "#pumpkin_side"},
				"up": {"uv": [3.25, 16, 3.75, 16], "texture": "#pumpkin_side"},
				"down": {"uv": [3.25, 0, 3.75, 0], "texture": "#pumpkin_side"}
			}
		}
	],
	"display": {
		"head": {
			"rotation": [0, 180, 0],
			"translation": [0, -24, -1.13],
			"scale": [2.5, 2.5, 2.5]
		}
	}
}